Title: F ER+ breast NHB,,,,,,,,,,,,,,,,,,,,,,,,,,,,,,,,,,,,,,,,,,,,,,,,,,,,,
Description: Created 07-Sep-2022 11:04:33 ,,,,,,,,,,,,,,,,,,,,,,,,,,,,,,,,,,,,,,,,,,,,,,,,,,,,,
Start Year: 1992,,,,,,,,,,,,,,,,,,,,,,,,,,,,,,,,,,,,,,,,,,,,,,,,,,,,,
Start Age: 35,,,,,,,,,,,,,,,,,,,,,,,,,,,,,,,,,,,,,,,,,,,,,,,,,,,,,
Interval (Years): 1,,,,,,,,,,,,,,,,,,,,,,,,,,,,,,,,,,,,,,,,,,,,,,,,,,,,,
5.666667,37546,11.368421,37243,13.8,38081,8.4,38925,13.714286,38850,11.2,39760,13.333333,39454,5.2,39825,20.454545,39236,5.6,36556,3,35288,11.176471,34866,11.733333,35275,14.666667,38564,5,38234,7,35970,15.625,34463,11,33005,8.533333,33065,11,31419,7.777778,32601,25,32902,16.304348,33973,18.7,36169,18,34634,19,35036,15,34790
5.538462,34564,9.916667,36212,3.529412,35735,13.5,36491,3.428571,37372,8.142857,37352,12.923077,38166,12.857143,37719,10.35,38144,7.5,39119,6.9,36355,11.764706,34835,9.818182,34463,15.052632,34724,9.777778,38122,7.466667,37540,14.636364,35266,16.727273,33708,15.2,32329,9,33133,12,31478,14.666667,32642,16,32972,17.73913,34139,15.652174,36173,23.821429,34638,18.857143,35019
14.684211,34401,8.944444,35003,11.375,36432,12.444444,35858,15.352941,36705,12.190476,37503,12.222222,37361,10.285714,37958,10,37424,7.5,37918,9.882353,38805,23.172414,35911,20.625,34391,14.933333,34151,17.884615,34466,10,37786,12.444444,37152,18.75,34848,15.789474,33375,19.730769,32315,17.045455,33194,9,31504,18.259259,32585,15.68,33076,15.714286,34083,17.809524,36227,23.76,34617
4.090909,30896,9.066667,32458,14.727273,33098,14.695652,34703,11.117647,34517,11,35539,11.047619,36436,8.695652,36490,16.24,37021,16.8,37188,11.294118,37627,13.722222,38413,23.916667,35577,20.9,34194,16.434783,34091,13,34209,19.384615,37464,20.117647,36887,17.607143,34670,21.333333,33382,25.029412,32407,14.736842,33227,14.7,31570,16,32703,19.678571,33266,14.368421,34189,16.64,36172
17.5,32933,8.944444,34032,21.913043,35217,12.4,35562,16.5,36942,20.413793,36292,8.842105,36834,15.882353,37256,19.444444,36833,15.909091,36686,18.133333,36831,16.121212,37196,17.777778,37848,9.75,35241,14.285714,33919,26.484848,33776,20.52,33872,30.611111,37042,17.548387,36547,18,34657,14.083333,33342,17.62963,32433,13.590909,33214,27.529412,31689,23,32762,20.645161,33176,13.464286,34148
18.870968,31597,19.157895,32088,10.0625,33411,13.888889,35003,19.782609,35746,14.96,37584,19.793103,37256,19,38220,18.5,38365,22.32,36695,17.5,36559,23.225806,36777,22.55,37061,28.125,37876,25.358974,35381,38.423077,34177,22.272727,33747,16.071429,33993,25.894737,36930,31.875,36511,29.805556,34709,19,33342,30.731707,32348,31,33258,32.47619,31623,20,32724,29.763158,33103
21.206897,29302,13.684211,29874,23.571429,30185,27.777778,31348,24.428571,32762,17.272727,33405,25.548387,34968,23.333333,34557,32.046512,35784,20.5,38294,19.5,36526,24.088235,36227,26.666667,36487,21.121212,36827,24.095238,37930,31.775,35281,21,34140,21.111111,33565,34.772727,33791,38.791667,36710,20,36398,28,34514,24.4375,33211,30,32244,26,33190,27,31601,33,32584
24.545455,29305,19.111111,29148,18.5,29765,8.333333,30159,24.029412,31417,29.090909,32948,28.241379,33650,17.36,35277,22.911765,34853,21.95122,35477,27.181818,37832,28.421053,36058,30.333333,35849,30.77551,36025,27.3,36537,31.764706,37403,24.533333,34853,25.371429,33555,30.318182,33296,39,33692,37.531915,36639,26.526316,36306,27.333333,34321,28.651163,33081,28.823529,32169,29.659091,33108,41.294118,31464
11.826087,27634,22.769231,28962,22.285714,28766,17.266667,29411,20.965517,29864,21.714286,31151,22.972973,32656,21.666667,33351,27.472222,34800,21.375,34692,20.948718,35334,34.375,37727,28.04878,35871,35.692308,35811,28.883721,36226,37.641509,36684,29.244444,37607,42.438596,35067,35.152174,33400,36.654545,33211,24.725,33628,30,36628,37.333333,36211,34,34275,31,33066,25.694444,32058,33.733333,33015
21.333333,26789,30.666667,27852,23.634146,29072,22.4,28838,26.03125,29521,30.419355,29930,26.264706,31135,28.666667,32616,33.090909,33212,28.575758,34616,22.694444,34221,25.019608,34728,23.76,37045,28.039216,35039,44.375,35197,30.526316,35433,38.723404,35770,47.373134,36578,32.711111,34261,34.755556,33131,33.66,33028,27.794118,33318,35.714286,36337,45.6,35999,34.434783,34043,33.454545,32840,35.74359,31632
19.636364,25608,28,26404,27,27585,23.4,29045,29.4,29050,14.709677,30005,32.516129,30617,31.395349,32066,24.545455,33191,21.95122,32895,31.25,34275,46.723404,33900,33.833333,34266,46.131148,36663,38.104478,34744,33,34901,46.307692,35156,45.616438,35341,31.775,35965,45.762712,34321,35.387755,33103,36,33086,39.661017,33399,40,36352,58.373494,35968,36.679245,34064,36.521739,32826
24.588235,19075,28,24273,26.285714,25065,27.3125,26179,22.741935,27631,31.756098,27676,24.5,28643,35.304348,29235,38.25,30890,30.475,32930,29.878049,32609,25.609756,33993,38.535211,33603,33.442623,34099,38.103448,36667,39.642857,34674,45.970149,34710,52.393443,35187,53.04,35402,42.181818,35828,43.254545,34167,45.375,32932,41.304348,32901,36.72,33203,51.161765,36284,34.666667,35695,39.629032,33875
20.5,20648,21,19718,27.766667,25041,22.484848,25809,17.68,26948,17.727273,28384,45.042553,28364,28.5,29355,45.466667,29663,31.666667,30608,28.35,32711,40.083333,32353,43.241379,33624,39.551724,33319,24.4375,34030,59.45679,36464,36.186441,34530,44.285714,34567,43.603175,34819,50.96,35265,49.753846,35691,52.852459,33858,48.362319,32872,34.346939,32798,44,33044,53.507246,36137,62.525,35483
16.466667,18200,19.448276,18787,25.178571,18168,28.170732,23282,27.238095,24316,28.05,25699,26.702703,27366,35.510204,27671,24.358974,28835,23.5,29471,29.714286,30333,28.488372,32452,31.294118,32109,35.490909,33411,47.188406,33405,50.142857,33929,43.5,36376,40.363636,34615,47.5,34583,52.173913,34709,54.166667,35128,55,35561,55,33785,45.75,32818,38.396226,32659,47,32868,52.742857,35989
16.041667,20136,14.5,20321,21.358974,20795,24.034483,19810,32.386364,25208,38.098039,26005,26.6,27212,40.086207,28647,35.018519,28686,36.111111,28561,36.338983,29204,32.5,30041,32.142857,32113,52.081081,31880,42.676923,33174,42.413793,33176,44.869565,33592,53.405405,36100,40.634921,34525,42,34470,51.013699,34601,51,34936,59.164557,35350,45.257143,33684,50.3125,32584,40,32376,50.306667,32571
25.333333,18436,16.153846,19317,25.212121,19796,27.580645,20405,25.333333,19775,28.823529,25470,40.489796,26606,40.615385,28105,34.553191,29152,33.894737,28407,31.372549,28220,44.357143,28853,46.347826,29587,34.677966,31662,34.5,31497,52.92,32595,55.90411,32599,48.308824,33037,44.365079,35229,47.682927,34567,61.082353,34469,65.52381,34369,53.794521,34864,70.228916,35332,42.142857,33613,36,32426,42.307692,32233
15.826087,16163,22.1,17480,30.4,18306,23.071429,18669,20.825,19354,26.823529,18713,39.2,24110,38.294118,25023,45.169811,26769,42.636364,28992,40.909091,28326,32.754717,28125,39.016393,28817,31.333333,29680,41.454545,32064,27.695652,31874,35.0625,33145,50.455882,33238,37.220339,33690,52.142857,34870,60.202532,34404,48,34145,56.028571,34109,43,34604,61.878049,34956,52,33353,45.646154,32120
14.571429,15896,28,16078,16.363636,17494,29.325,18369,25.333333,18892,37.526316,19676,27.894737,19151,35.854545,24677,28.355556,25451,29.106383,26533,45.222222,28612,29.892857,27827,39.983871,27645,28.963636,28337,43.273973,29156,33.432836,31342,54.325,31195,46.394737,32360,53.746479,32438,45.529412,33438,59.544304,34567,55.241379,34004,50.209877,33930,70,33909,63.376623,34402,50.42029,34684,43.423729,33110
14.347826,15462,23.172414,16088,21.346154,16243,19.419355,17575,26.069767,18408,24.685714,18883,29.4,19562,24.619048,18903,34.468085,24107,41.108696,25301,37.770492,26373,29.966102,28512,28.830508,27715,37.822581,27673,35.315789,28532,50.289474,29328,48.253333,31557,59.61039,31622,40.235294,32568,52.027027,32267,54.701299,33150,63.116279,34375,61.642105,33810,61,33756,68.175824,33703,64.089888,34105,58,34435
22.518519,15696,19.842105,15807,28,16489,32.5,16614,31.382979,18039,32.060606,18859,36.219512,19344,26.384615,19989,36.296296,19347,27.06383,23878,42.692308,25055,26.953125,26073,45.901639,28128,37.125,27279,45,27321,55.421053,28155,60.681818,28742,41.791045,31040,54.58209,31173,63.481013,32327,62.284211,32102,53.688312,32986,52.865854,34154,59.912088,33672,60.439024,33538,63,33583,55.696203,33936
21.5,14569,20,15428,26.714286,15557,23.571429,16208,26.052632,16379,29.216216,17754,33.860465,18599,36.693878,19003,28,19559,31.547619,19160,43.622642,23677,46.428571,24752,52.8,25741,30.5,27801,44.131579,27076,47.243243,27125,42.597403,27943,45.189189,28612,58.461538,30725,47.260274,31020,68.041237,32054,50.225,31856,54.452055,32841,67.434783,33998,60.769231,33491,67.038462,33299,60.701299,33321
22.965517,14152,25.16129,14065,16.32,14880,21.621622,14973,20.275862,15642,28.333333,15755,29.953488,17095,35.590909,17844,36.975,18195,32.222222,19358,36.693878,18945,40.833333,23461,36.666667,24419,46.030769,25343,41.516129,27583,49.391304,26713,42.191781,26857,52.631579,27757,66.206897,28603,49.742424,30369,63.684783,30692,59.220779,31727,57,31505,62.688889,32451,61.753086,33603,62.278481,33066,53.575758,32882
30,14111,22.666667,14093,18.571429,14058,26.129032,14912,25.774194,15057,20.64,15777,19.090909,15975,38.666667,17328,30.434783,18051,34.297872,18020,29.454545,19155,39.6,18737,39.927273,23149,35.275862,24103,40.4625,25069,50.195122,27179,46.216216,26329,44.816901,26585,40.363636,27353,50,28329,63.377778,30086,65.297872,30443,67.360825,31506,65.698925,31246,75.591398,32050,71,33263,68.64,32712
22.826087,11680,30.697674,12511,20.347826,12591,22.2,12662,29.9,13565,24.366667,13767,27.076923,14557,24.206897,14796,30.216216,16134,33.944444,17827,31.363636,17807,33.377358,18983,37.22449,18467,38.761905,22841,53.2,24010,52.324675,24863,47.560606,27038,68.778947,26328,67.047619,26361,45,27067,61.428571,28085,70.266667,29660,68.808511,30229,71.590909,31154,64.431818,30922,58.682353,31813,61.792208,32921
21.636364,12946,24.888889,12522,40.6,13322,23.692308,13378,24.083333,13399,40.846154,14268,26.4,14410,24.107143,15109,30.516129,15194,24.588235,15935,45.555556,17620,35.043478,17570,34.461538,18726,25.2,18172,48.953846,22664,41.311475,23717,43.076923,24370,52.602941,26728,58.407407,26230,64.703297,26066,73.897959,26680,58,27679,63,29317,68.0625,29859,68.0625,30801,63.377778,30576,65.406593,31355
37.555556,12741,28.363636,12979,31.428571,12626,26.074074,13543,23.68,13716,22.076923,13841,29.4,14836,40.26,15064,36.765957,15609,36.615385,14925,42.095238,15691,44.966667,17275,45.169492,17125,44.444444,18277,39.629032,17699,53.217391,21979,56.746479,22825,64.536585,23508,48.920635,25673,65.147727,25916,70.893617,25823,59.728395,26427,78.788991,27440,80.175258,29063,72.494737,29498,58.24,30500,70.786517,30260
13.714286,12194,26.689655,11964,22.666667,12112,17.73913,11746,27,12582,33.6,12651,25.814815,12733,23.837838,13600,28.8,13791,26.90625,15388,35.96,14768,35.813953,15522,47.142857,17198,43.297872,17068,35.758621,18326,36.75,17822,46.985294,22097,52.753623,23204,61.701149,23896,65.831461,25336,66.708861,25586,58.443038,25468,77.737374,26068,65.755814,27074,67.241379,28655,68.2,29142,77.535354,30080
19.636364,12423,27.6,12370,24.846154,12135,25.73913,12199,27.407407,11816,33.777778,12645,30.535714,12688,31.756757,12729,19.833333,13481,28.888889,13611,29.657895,15221,35.526316,14620,32.052632,15318,31.777778,17051,32.368421,16912,40.655738,18210,42.318841,17669,72.329545,22087,59.753086,22983,72.42,23592,69.784091,25037,74.226804,25202,63.259259,25152,52.722222,25663,58.928571,26689,55.820896,28204,84,28714
17.6,11893,27.769231,12004,24,12022,21.6,11863,28.173913,11981,34.147059,11709,18,12578,32.684211,12697,41.642857,12721,33.878788,13228,39.02439,13373,25.323529,14917,32.536585,14270,20.540541,14972,40.451613,16817,43.938462,16614,38.174603,17734,52.142857,17414,43,21636,62.487805,22617,60.202532,23283,67.795699,24743,84.763636,24854,65.82716,24842,72.543478,25290,75.797872,26193,77.163462,27772
24.782609,12505,15.529412,12332,17.5,12393,29.333333,12377,29.032258,12124,35.2,12229,28.5,11857,28,12694,39.189189,12580,42.12766,12464,33.108108,12914,29.382353,13097,28.166667,14440,32.169811,13831,42.344262,14549,36.654545,16284,43.076923,16016,44.727273,17275,50.441176,17054,63.904762,21253,67.321429,22291,67.166667,22893,80.489362,24460,55.014493,24464,77.393617,24435,73.5,24839,74.138614,25808
25.034483,12670,25.76,12676,28.928571,12518,28.275862,12621,27.407407,12660,31.666667,12531,40.186047,12598,38.209302,12230,28.6,12916,28.172414,12369,37.2,12210,34.666667,12753,35.84,12930,33.297297,14350,46.52459,13750,41.355932,14478,43.333333,16183,34.56,16113,57.76,17107,56.785714,16814,53.125,20975,69.416667,21923,83.137255,22648,71.72449,24167,65.714286,24148,76.208791,24111,74.909091,24398
32.3125,11718,36.837838,11697,30.357143,11832,28,11767,25.84,11893,33.230769,11911,30.8,11822,29.166667,11985,32.470588,11724,39.030303,12720,26.529412,12169,31.263158,12026,30.871795,12514,25.948718,12662,34.522727,14126,34.181818,13594,39.672414,14195,38.298246,16054,46.77193,15982,61.792208,16827,66,16519,71.414141,20670,69.793103,21600,80.175258,22206,69.259259,23756,68.367347,23689,61.463415,23633
33.878788,11362,25.5,11699,29.482759,11637,28.5,11671,33.59375,11545,25,11603,36.705882,11674,29.764706,11623,27.028571,11397,27.176471,11464,29.72973,12383,25.675676,11875,27.564103,11697,36.590909,12187,25.595238,12326,37.745098,13770,33.113636,13284,39.333333,13913,56.736842,15604,55.944444,15664,62.626667,16502,42.75,16207,54.4375,20258,64.636364,21188,62.564103,21697,62.704545,23219,80.564356,23131
23.703704,10219,20.869565,10099,37.394737,10262,29.142857,10229,39.875,10281,22.5,10170,39.02439,10179,38.25,10260,32.592593,10673,30.9375,11159,23.222222,11286,25.486486,12214,25.78125,11740,27.368421,11527,28.840909,12107,35.555556,12295,28.421053,13699,33.92,13343,36.956522,13942,54.818182,15391,51.368421,15413,54.6875,16205,50.793651,15939,61.5,19929,58.407407,20847,81.346535,21288,66.529412,22807
22,10243,24.727273,10138,24.666667,10045,32.571429,10372,27.130435,10353,14.684211,10324,26.068966,10233,22.142857,10337,27.461538,10171,32.03125,10372,34.075,10826,27.176471,10991,20.4,11832,22,11335,33.883721,11170,38.204082,11702,41.25,11769,43.365385,13187,45.392857,12959,36.654545,13678,58.492063,15125,53.508197,15151,48.727273,15854,50.633333,15625,74.536842,19488,64.296296,20412,56.103896,20833
31.16,10565,22.695652,10231,21.517241,10223,27.5,10163,26.666667,10395,28.5,10436,20.913043,10560,30.857143,10562,30.882353,10639,27.774194,9922,32.432432,10129,29.485714,10553,29,10691,41.478261,11494,35.693878,11027,32.782609,10798,28.5,11295,35.777778,11528,32.195122,12650,40.56,12658,43.448276,13390,54.138462,14762,55.733333,14773,51.45,15471,43,15229,53.333333,19018,69.421687,19928
24.32,9507,33.6,9700,25.846154,9344,26,9335,38.28125,9198,39.285714,9510,36.666667,9543,35.862069,9704,20.363636,9760,26.25,10518,32.30303,9766,26.666667,9987,28.971429,10415,25.411765,10506,30.405405,11332,26.973684,10866,36.458333,10575,23.423077,11204,33.695652,11356,41.785714,12437,43.811321,12426,55.820896,13154,51.694915,14449,56.492308,14519,50,15184,55.808824,14965,65.964706,18653
26,9060,23.76,9219,24,9359,37.068966,9088,29.806452,9154,26.6,9056,18.117647,9304,23.538462,9501,31.027027,9534,30.259259,9503,23.433333,10305,26.571429,9587,29.285714,9729,19.344828,10143,29.823529,10270,22.518519,11074,36.692308,10531,39.3125,10432,38.37037,10915,39.847826,11095,50,12166,35.76087,12109,33.066667,12817,43.928571,14089,51.73913,14208,49.684211,14770,58.74359,14575
19.833333,8295,36.142857,8673,37.275862,8809,22.666667,9008,22.090909,8769,25.814815,8791,39.375,8724,30,9081,25.333333,9376,23.8,9263,27.75,9237,23.870968,10045,21.583333,9309,19.266667,9526,26.709677,9882,22.448276,10023,34.85,10728,44.622642,10375,38.77551,10172,29.690476,10661,41.943396,10911,42.744681,11911,44,11830,44.25,12526,38.791667,13764,40.625,13880,53.677419,14456
24.75,8011,18.85,8208,27.36,8693,18.4,8877,30,9097,26.666667,8834,28,8935,29.75,8960,29.884615,9107,28.777778,9171,24.705882,9007,47.2,8950,24.666667,9716,26.382353,8959,19.655172,9175,30,9356,34.974359,9491,38.77551,10246,33.75,9951,43.86,9887,40.651163,10399,32.589744,10628,47.142857,11549,50.42029,11496,53.677419,12159,54.58209,13380,48.566667,13530
16.176471,7689,26.25,7950,25.6,8198,19.478261,8693,20.428571,8888,24.066667,9117,41.888889,8899,27.083333,9073,38.392857,9104,28.257143,8712,27,8789,29.6875,8536,24.393939,8571,18.821429,9219,31.289474,8505,36.837209,8648,39.6,8782,35.833333,9108,44.377358,9677,31.704545,9715,34.708333,9657,39.75,10157,33.391304,10374,41,11274,36.217391,11148,54.857143,11832,41.803922,13048
21.6,6723,18.352941,7008,23.25,7207,26.608696,7451,25.869565,7937,28.8,8051,21,8312,27,8135,20.3125,8385,36.705882,8836,27.428571,8440,29.555556,8507,17.727273,8289,32.432432,8324,27.485714,9003,17.777778,8329,27.083333,8464,44.625,8839,29.823529,8912,34.5,9311,38.644444,9427,42.042553,9373,23.941176,9877,44.897959,10072,34.73913,10856,40.56,10815,39.866667,11472
16.666667,6800,15.923077,6679,22,6920,28.333333,7093,27,7296,24.473684,7757,30.6,7843,32.8125,8130,33.3125,7890,15,7982,35.384615,8465,31.515152,8014,20.9,8140,37.419355,7842,21.935484,7922,28.8,8563,19.333333,7888,24.888889,8144,16.875,8437,33.214286,8589,40.869565,9041,42.5,9114,35.658537,9052,36.069767,9579,24.727273,9791,37.285714,10485,37.674419,10467
19.642857,6666,13,6688,17.538462,6440,20.8,6649,27.708333,6693,25.869565,6821,30,7171,31.433333,7202,19.190476,7450,20.578947,7497,14.857143,7584,37.829268,7977,22.965517,7528,24.0625,7699,20.8,7389,23.466667,7433,23.941176,8003,26.5625,7513,22.5,7654,21.636364,8166,32.571429,8293,38.904762,8710,29.90625,8811,28.810811,8740,25.5,9247,36.818182,9404,39.581395,10131
21.9375,6564,15.8125,6252,15,6231,25,6017,21.473684,6168,21.090909,6187,10.5,6271,16.611111,6608,25.043478,6665,24.727273,7052,23.222222,7071,28.366667,7222,22.142857,7583,21.481481,7162,21.954545,7312,22.615385,7044,15.826087,7056,22.909091,7833,26.764706,7230,22,7320,29.166667,7827,32.25,7952,32.117647,8387,34.5,8441,22,8413,31,8898,27.529412,9046
12.857143,5114,9.375,5990,15.230769,5826,16.5,5957,15,5928,10.230769,6221,15.333333,6401,14.7,6651,25.2,6879,14.615385,6244,21.913043,6598,14.444444,6633,23.222222,6767,23.692308,7100,19.5,6680,26.407407,6845,21.913043,6517,25.735294,6674,31.2,7241,19.217391,6964,33.846154,7082,24.538462,7535,22,7639,27.941176,8105,28.363636,8188,24,8095,27.310345,8539
19,4631,6.428571,4536,13.333333,5212,14.95,5009,13.8,5091,26.4,5006,15.384615,5211,12.571429,5307,10.4,5525,17.722222,6513,20.944444,5935,20.173913,6286,18.4,6321,17.5,6442,11.176471,6807,25.464286,6466,19.428571,6516,33.777778,6442,16.466667,6480,22.653846,6901,26.896552,6653,22.846154,6763,26.8125,7214,31.2,7318,21.428571,7751,18.782609,7892,30,7806
18.461538,4212,10.666667,4396,7.5,4335,17,5029,14.4,4869,18,4955,19.058824,4905,17.684211,5129,14.928571,5309,21.25,5179,18.666667,6138,18.789474,5594,22,5847,13.6,5833,20.583333,6001,24.888889,6407,23.846154,5975,14.3,6231,13.8125,6084,18.821429,6205,14,6581,19,6342,16,6469,18.307692,6881,25.862069,6982,27.794118,7381,21.7,7509
6,3617,18,3987,15.583333,4151,16,4062,14,4690,16,4464,19.333333,4516,12.8,4439,7.142857,4567,14.769231,4871,17.1,4775,16.5,5717,24.428571,5181,20.869565,5417,16.333333,5408,23.333333,5568,21.08,5984,25.714286,5682,23.52,5778,15.652174,5750,25.3,5877,22.88,6234,17.142857,6046,17.28,6088,23,6543,25.862069,6608,24.36,6971
12.8,3435,7,3409,8,3761,9.5,3900,6.5,3775,15.555556,4351,11.375,4080,13.5,4110,16.8,3995,13.076923,4163,12.272727,4487,12.142857,4360,14.615385,5249,12.75,4746,13.5,5016,16.727273,4968,15,5090,18.666667,5603,12,5417,17.6,5503,12.666667,5468,14.545455,5612,11.076923,5914,23.62963,5743,24.111111,5768,17.708333,6219,22,6289