Title: F ER+ breast NHW,,,,,,,,,,,,,,,,,,,,,,,,,,,,,,,,,,,,,,,,,,,,,,,,,,,,,
Description: Created 07-Sep-2022 11:04:33 ,,,,,,,,,,,,,,,,,,,,,,,,,,,,,,,,,,,,,,,,,,,,,,,,,,,,,
Start Year: 1992,,,,,,,,,,,,,,,,,,,,,,,,,,,,,,,,,,,,,,,,,,,,,,,,,,,,,
Start Age: 35,,,,,,,,,,,,,,,,,,,,,,,,,,,,,,,,,,,,,,,,,,,,,,,,,,,,,
Interval (Years): 1,,,,,,,,,,,,,,,,,,,,,,,,,,,,,,,,,,,,,,,,,,,,,,,,,,,,,
61.333333,206567,49.189189,204652,52.8,201617,49.344262,201755,53.842105,198597,58.139535,197507,42.291667,190237,52.826087,184380,48.30137,173820,56,158820,37.45614,153759,45.405405,150530,47.055556,153009,47.4,161435,33.684211,151984,40.625,137952,50.484848,128237,49.454545,124464,39.433962,129045,57.357143,124730,46.741935,129642,39.357143,131447,51,134281,42,142299,63.56962,141315,53.757143,143056,48,141995
64,195096,52.439024,201324,48.972222,199085,59.027027,196159,59.681818,196394,65.352941,193706,49.875,192379,67.522222,184704,50.701493,179437,66.827586,172334,52.565789,157145,53.917808,152200,47.283582,148843,45.230769,151455,50.405797,159945,53.649351,150394,52.142857,136866,39.590909,127462,65.662338,124161,47.4375,129001,54.701299,124726,50,129346,54.849315,131147,68.790698,133952,62,141780,59,140540,52.112676,142081
76.326923,195557,68.75,194700,60.253521,200209,60.965517,197737,61.105882,194489,63.191489,194884,72.907407,191666,83.487179,189360,66.067416,181923,88.40367,178112,63,170550,57.350649,155293,69.413043,150550,67.168539,147529,72.382353,150057,77.478261,158294,65.032258,148963,62,135546,65.691489,126367,62.307692,124040,61.72619,128898,70.786517,124470,57.76,129117,70.372093,130952,65.730337,133721,73,141047,71.325843,139789
94.213675,184514,72.630631,186849,69.575758,186693,71.553191,193047,85.864078,191614,85.5,189827,91.121495,191069,85.248,188262,104.666667,185807,82.952381,180461,89.054545,176237,80.294118,168895,77.913462,153885,62.302326,149321,72.712871,146378,87.754386,148737,61.651685,157308,82.178571,148058,56.767123,134799,74.347826,126204,74.536842,123783,67.142857,128682,62.738095,124025,79.608247,128670,61,130429,75,133033,86.27027,140035
97.330645,194899,95.333333,197248,103.648,197498,95.007519,195613,108.666667,200346,98.715328,197461,111.6,193668,110.522876,192387,111.440559,189249,101.065693,184223,103.321168,178762,102.55814,174576,98.256,167381,98.780488,152484,100.266667,148193,93.220339,145133,100.849206,147712,86.830769,156260,90,148030,102.541985,134589,76.485149,126227,86.761062,123647,85.371429,128432,77.433962,123732,76,128440,97.82906,130051,83.359223,132541
129.286624,188763,118.238994,190269,140.769231,193195,120.165563,194563,139.602273,193770,127.618421,200020,152.108108,198211,142.5,194836,131.02454,192529,136.188889,187507,147.428571,182283,141.755319,176810,120.508982,173025,138.826347,165963,117.431373,151338,131.45625,147086,114.75,144125,160.26087,146837,134.275862,154069,140.494186,147815,120.099338,134502,113,125981,112.805755,123310,129.084967,128127,109.714286,123446,126,128111,135,129362
129.72973,175913,129.496774,182575,130.035088,183156,134.814815,185688,130.410714,186636,141.668675,185878,143.831579,191326,146.275862,188481,135.859649,186623,161.189189,191455,147.230769,186311,139.836257,181265,137.762712,176235,145.932584,172887,125.695946,166046,142.427746,151620,136.897297,147351,131.575758,144766,133.473988,147806,150.972973,153496,156.118644,147306,130.050955,134035,136.8,125188,118.416667,122644,120,127510,156.381215,122656,147.388235,126991
141.385475,176436,130.813953,175497,153.081522,182101,138.695652,183107,166.947368,186101,171.183673,187808,190.331839,187297,147.472527,192507,158.84,189817,176.108911,185146,166.926829,189533,160.232804,184533,180.771186,179345,159.907317,174392,181.004525,171113,167.236181,164291,179.166667,149987,142.941176,146008,142.758621,143481,168.565854,147474,155.555556,153349,180.61991,146913,153.865979,133768,139.847561,124817,139.584906,122218,144.491228,126941,146.4375,121933
132.163743,172347,148.685083,173057,142.497462,171993,172.475248,178828,173.029703,180163,172.039801,183826,186.789474,185718,182.875,184921,207.944681,189952,188.018433,188574,177.806763,183797,196.049327,188323,194.084337,183635,195.32636,178718,212.142857,174053,205.316667,170743,181.939535,164021,187.901786,149954,186.941176,146042,157.812155,143301,166.38835,147325,166,152972,208.83871,146513,162.84375,133216,130,124503,140.509091,121625,132.392638,126028
172,179474,189.935185,175951,208,175662,180.280156,174080,177.829384,180477,200.84141,181724,237.915058,184689,219.816794,185395,227.237354,184530,222.816794,188510,188.296943,186342,230.115523,181901,213.432836,186009,213.483146,181404,224.265683,176386,222.4,171761,210.686747,168397,236.605166,161631,220.215768,148470,207.319149,145792,194.653846,143116,200.056034,146652,217.728,152449,215.414226,145842,186.697248,132857,168.041237,124081,170.72449,120936
219.60515,194836,193.154167,174931,208.75,172012,210.25463,172673,214.661224,172090,221.381356,179839,227.888462,182039,253.261364,185467,258.949045,185786,242.007435,182937,235.326316,186626,274.203822,184293,273.311111,179728,246.48,183727,273.48538,178933,243.088235,174032,272,169252,247.10473,165854,254.237762,159396,225.659259,147980,211.538462,145491,237.025271,142687,223.694656,146084,248.651163,151618,215.678431,145164,223.277344,131985,212.53012,123231
181.54717,133459,228.425532,188131,220.093385,168589,206.883117,166140,240.046693,167124,282.120743,167277,236.363636,174948,265.9701,176822,274.95098,181031,246.815498,184473,240.003436,181490,264.639073,185492,285.151335,183275,273.388889,178813,256.107383,183317,304.741667,178516,283.355623,174006,285.062687,169379,253.556314,166264,260.554839,159020,250.096429,147679,263.036913,144989,219.968127,142339,236.923077,145634,227.606178,151011,275.88785,144593,259.58042,131172
200.694064,138952,229.150862,133069,268.722741,187323,255.787879,168111,235.371747,166003,239.426471,167782,263.853821,168080,237.291667,175469,299.153374,177461,272.532508,179622,278.388715,183045,283.560372,180379,303.052326,184513,301.808864,182542,345.634921,178254,297.721311,182974,284.569733,178353,322.704918,174044,310.085227,169451,276.507937,165726,308.944282,158744,266.239482,147251,234.136691,144284,247.552083,141676,295.755224,144940,298.430233,150116,274.485531,143705
206.616667,134265,217.1,133094,241.88755,127640,283.890909,180687,264.413793,163015,303.23125,162240,262.036474,164612,301.751592,165175,291.130435,172350,316.067039,175981,330.05,177858,279.996764,181393,291.958333,178686,311.616022,182781,339.101828,181236,321.486486,176925,339.74026,181459,369.133971,177028,353.813842,172702,295.405714,168927,302.245014,165396,310.028329,158047,270.264901,146526,315.457064,143743,305.180556,141031,273.694704,144105,287.474006,149162
248.759124,152333,202.380531,141878,220.593023,139471,241.570909,133260,345.139896,187798,305.025352,169129,337.41555,167409,319.624633,168559,289.042553,169059,310.910112,170895,311.991279,174329,298.792899,176305,298.32133,180220,334.589552,177469,346.719603,181958,352.391827,180527,314.805195,176482,343.333333,181057,339.927273,177191,370.245783,171734,298.748521,168286,329.937173,164411,309.271709,157093,331.705426,145601,291.46988,142687,286.325153,139782,315.306122,142860
229.982609,128451,229.960854,149403,261.953069,139445,305.951662,137979,267.318612,132683,380.597015,188475,306.475806,170573,336.178947,169104,302.091743,168529,314.738372,167312,302.596491,168843,295.311429,172254,313.291339,174161,318.941463,177755,341.818182,175229,348.8175,179678,351.342233,178248,337.037037,174288,384.375,178270,363.066038,176603,326.273936,171304,323.368421,167552,330.172414,163364,358.068966,156101,321.85,144660,303.867052,141824,343.28125,138657
238.431535,116869,209.979424,122591,265.897959,142448,297.237342,133168,281.578431,132015,288.49848,127288,383.723502,181121,367.934118,163309,313.749296,163267,302.570093,167084,346.666667,165840,338.992042,167682,333.517241,171448,356.714286,173585,318.467532,177657,347.066015,175494,350.273159,180355,352.868486,179068,334.711055,175431,356.914286,177684,388.199095,175969,369.152709,170572,369.775656,166612,370.883721,162551,321.237569,155321,315.596542,143734,323.227397,140720
199.158974,111597,215.838428,116277,230.608209,122012,292.782895,142289,293.489362,133424,278.72093,132768,310.68272,128397,399.520697,182465,344.23219,165548,321.597734,161589,331.853018,165094,321.09116,163750,310.937669,165711,348.206897,169175,320.698163,171614,330.465116,175641,324.317949,173402,360.111369,178390,355.704057,177355,364.790323,174596,333.969231,177076,365.399061,174839,365.459716,169432,352.53598,165388,359.15534,161285,309.144022,154147,291.905605,142444
211.333333,110897,212.5,111293,251.827586,115539,228.148148,121201,293.478261,141287,304.760479,132514,276.513423,131782,361.420912,126735,400.313364,178196,400.136054,163565,326.107239,159613,334.768,163197,303.748072,162016,344.328859,163970,359.382423,167919,336.2954,170347,342.834499,174624,362.814645,172474,323.953488,177398,351.581509,176794,373.81573,173858,361.016949,175989,365.207459,173786,337.957816,168403,378.942731,164311,336.631443,159956,333.288462,152781
202.1,110120,222.088608,111606,238.689243,112001,243.662651,116645,299.953125,122817,341.601583,143818,335.096257,135262,324.42029,134425,317.473684,130892,414.782609,176282,402.571106,161629,320.946015,158025,282.451253,162154,309.477573,161272,312.855263,163873,333.912195,168083,345.199513,171190,366.02027,175588,344.997512,173233,400.112288,176355,352.512941,175779,378.726457,172749,373.553571,174824,366.893764,172654,344.359606,167230,358.630435,162902,402.947368,158547
200.045455,101577,212.429752,106543,239.718045,107888,258.778195,108489,252.571429,113206,294.949843,119615,342.156593,140205,326.983784,131610,367.140097,129683,350.505495,129327,410.133891,173717,345.030612,158992,346.099515,155604,331.686567,159461,290.548913,158626,346.478469,161339,367.441589,165263,352.46729,168393,358.475113,172937,354.357488,172231,382.191781,175342,349.742015,174507,392.553288,171431,384.461009,173444,365.142857,171062,345.838554,165570,364.738824,161075
209.305556,101830,234.057522,101620,238.282609,105890,257.977358,106808,259.751724,106963,303.761755,111430,329.977337,117106,399.630485,136459,371.968831,128560,345.586387,127789,388.653846,127733,389.160377,171872,354.925659,157423,351.341463,154383,347.501222,158742,359.596774,158154,368.702703,161160,372.579196,165655,341.715,168709,353.333333,171959,373.923611,171175,398.644068,174140,407.4,173054,380.941995,169990,399.518519,171961,397.663755,169300,386.225664,163641
245.793651,103461,201.074236,100684,224.924686,100219,269.867797,104539,239.712766,105441,268.821656,105811,292.044025,110104,375.114504,115498,375.058252,133554,388.78487,126739,387.631325,125999,329.750708,125852,426.663347,169455,353.484163,154934,377.400922,152207,388.107383,156585,332.743902,156165,384.426696,159178,370.19213,163889,344.655,167578,393.894967,170783,371.714612,169555,413.245763,172415,422.956522,171179,432.635438,167914,381.802721,169799,388.586283,166944
257.368421,91876,228.155844,97541,251.90873,95232,210.533898,95436,290.976744,100136,288.139319,101795,347.666667,102654,337.671088,107286,414.807425,114203,424.247788,131585,346.126374,124811,316.16,124274,328.461538,124183,424.475634,167497,434.068826,153412,370.608076,151122,386.444444,155650,377.490991,155699,398.832618,158699,394.223427,162635,416.267223,166449,395.032258,169490,400.558952,168153,412.399168,170778,450.003953,169405,425.713131,166219,418.521212,167854
253.627451,95529,253.707113,94155,282.746479,99168,272.209386,96330,293.209677,96034,279.753289,100412,329.876471,101353,312.056075,101487,364.144044,104779,384.651515,112332,448.710084,129407,378.940874,122526,315.243455,122061,354.235566,122038,441.307985,164958,411.301397,150752,403.145923,148968,406.740977,153730,443.76,154054,405.367742,157322,420.944559,161302,424.115942,164889,440.137374,167696,449.152805,166293,484.852941,168786,461.543186,167223,418.795876,164030
275.003534,97132,252.116541,93816,266.577947,92690,281.413428,98100,274.29078,95742,290.47619,96041,314.283537,100785,365.717742,102027,348.097826,102119,353.972603,102863,373.936585,110131,374.406176,126916,342.701005,120059,376.1875,119679,312.631579,119579,488.637838,161829,438.57874,147877,439.865347,146141,459.206349,150223,448.720307,152679,428.174442,156091,446.287425,159612,483.775769,162829,461.979401,165887,508.787346,164203,448.428571,166663,493.069091,164818
308.31,99003,267.59542,92813,283.540856,89229,285.580645,88137,267.142857,93272,288.975265,90961,335.032836,91081,312.303797,95261,330.39759,96425,345.473088,100401,365.680412,101202,341.715068,108520,382.219239,125327,357.263819,118680,319.229551,118938,396.3125,119154,499.846939,161655,481.165468,148026,417.075,146843,460.172888,148769,458.159533,151062,466.08365,154206,476.299065,157885,500.360485,160635,493.788151,163778,466.179775,161790,488.505495,163805
273.542435,99112,303.095082,97554,304.529825,91285,261.036735,87949,304.352941,87086,340.372671,92265,297.186335,90062,304.446154,90086,355.125348,94327,375.307125,94676,363.5325,98433,325.915966,99511,325.283422,106768,367.944828,123385,369.050481,117107,401.030369,117782,393.497758,118070,507.588133,160881,489.842391,147368,468.243243,145509,435.090543,147338,434.107143,149596,458.890173,152427,501.211438,156244,508.663732,158623,495.771429,161630,513.174873,159376
315.267974,99962,298.028571,98692,330.088235,96932,307.878788,90805,275.730769,87614,314.776699,86784,373.209809,91998,338.341463,89564,327.77116,89260,370.073491,92444,376.5975,92839,295.622222,96472,322.412429,97193,349.312977,104311,433.813808,120666,390.076923,114370,386.034858,115026,463.040541,115431,543.334421,157500,516.441781,145684,480.134579,143761,472.037383,145488,475.791045,147482,546.327362,150297,529.991438,153727,486.852459,156143,531.641156,158838
348.098765,104654,297.338028,99755,315.611111,97850,315.496552,95890,301.980066,89615,324.863777,86148,320.990291,85055,370.11236,89592,345.208459,86664,339.150142,87571,351.930233,90843,323.557576,91241,302.337313,94925,301.058496,95697,354.822943,103103,430.655804,119596,393.814732,113401,424.35,114134,381.719457,114102,505.791667,155119,506.774775,143572,465.504873,141237,471.51711,142979,494.809437,144793,514.045936,147692,537.657938,150475,502.65704,152890
356.815789,102464,334.444444,101365,325.194969,96492,357.66289,95229,329.189441,93632,368.396648,87724,376.402667,84270,336.452308,82670,347.120879,87517,375.78534,85075,367.926829,86113,318.648649,89388,339.382979,89703,326.785714,93544,329.270557,94149,395.833333,101890,429.022044,118543,437.710843,112458,447.644309,113093,497.915937,112708,602.410714,153256,577.892308,141596,585.046584,139297,539.142857,140988,562.57189,142808,593.718608,145539,565.10828,148159
345.988024,100736,321.239617,99427,377.104651,99311,315.821782,95033,327.909348,93611,358.152493,91732,313.478788,86112,312.158879,83240,318.383436,81124,357.302452,85824,361.088,83597,293.315615,84625,332.054795,87767,319.821727,88154,354.095238,91715,393.040724,92688,411.701903,100592,468.915547,117286,437.447699,111189,437.98125,111418,475.778195,110920,585.391566,150848,525.743409,139123,537.332215,136666,511.603175,138483,548.64065,140070,504.654255,142690
395.107143,103501,353.991018,99419,301.272152,98066,350.704678,97287,346.69186,92953,358.578035,91616,340,90144,325.490798,85038,344.954268,81925,353.770492,79705,356.151685,84181,274.618182,82214,319.815562,83085,310.840909,85981,325.058824,86452,327.677778,90180,336.086162,91149,424.356077,99128,457.478599,115126,409.29646,109915,440.335366,110094,447.336,109406,589.316265,148569,557.706924,137120,527.770833,134741,541.983389,136399,518.482578,138054
376.921127,99652,356.535714,99071,361.683582,94285,365.397015,93236,331.492711,93304,358.823529,89122,348.674157,87849,429.558473,86524,377.243836,82789,352.096774,80352,328.269795,78109,293.365696,82524,279.732026,80696,266,81668,304.684685,84330,331.727749,84951,368.262255,88784,362.753695,89773,367.530266,97938,491.587703,113285,437.158996,108133,438.196721,108212,475.527881,107341,643.802539,145756,578.990536,134459,548.059701,132053,518.279588,133593
409.333333,99807,364.090909,99854,368.295129,98966,369.239645,94993,365.890244,93755,372.371968,92657,382.838462,88190,377.572603,86887,351.278873,84613,338.990991,81279,334.98209,79022,288.448276,76739,290.754717,81145,297.032641,79433,314.482759,80166,362.553398,83013,334.565553,83718,371.194103,87753,364.989899,89153,399.120805,96352,480,111544,465.913043,106499,426.726514,106443,505.421053,105502,591.018405,143112,579.690881,131982,583.2,129584
383.025862,100308,367.445783,96212,393.333333,96812,421.287206,96468,372.371758,92221,397.538462,91146,363.492625,91164,381.221939,87462,326.842105,86506,362.628099,82689,332.880734,79534,289.701695,77311,271.779935,75022,294.594249,79340,328.434018,77490,325.807365,78356,292.910663,81247,342.416452,81904,362.153846,85277,371.806527,87676,403.866667,94740,461.710372,109626,477.1569,104536,473.316794,104513,506.785714,103577,648.803051,140143,588.875,129289
389.620397,96812,377.739612,97073,364.331378,92704,412.125,92716,359.896552,91898,378.958678,87905,385.048843,86378,380.333333,86434,372.359459,82862,400.289544,84795,347.555556,81146,309.091503,78261,269.6,75976,299.213836,74073,290.372727,78234,327.25,76797,320.554348,77778,346.58445,80739,339.340659,81416,375.636585,83853,358.068182,86254,428.271762,93104,466.442308,107796,467.731898,102555,484.337121,102704,487.325967,101588,612.450599,137524
371.319018,89943,372.808989,94488,358.948328,94294,383.333333,90160,421.415789,90482,425.60794,89593,458.422274,84818,425.613861,84678,346.071429,84607,366.434783,80936,361.944598,82870,310.285714,79179,287.703947,76378,280.708861,74253,259.007143,72207,288.864615,76460,329.079096,75029,326.834254,76109,345.49866,79168,332.403361,79884,343.37931,82256,419.12967,84697,437.5,91250,505.59116,105592,500.33213,100462,510.947653,100439,496.987109,99258
330.793548,86376,378.82623,87427,374.510769,91756,390.489247,92437,373.91831,88785,424.087591,88984,433.380282,88254,418.74938,85079,391.968586,84955,377.577904,82778,338.574924,79148,312.575949,81040,289.271523,77320,326.017094,74671,268.581081,72459,291.671924,70650,327.14876,74848,312.971591,73468,318.101695,74257,360.210526,77668,327.261214,78408,368.943765,80602,402.118329,82981,453.16129,89370,481.342105,103389,442.875256,98421,456.737705,98349
372.44373,83596,332.05614,84679,376.882834,85850,372.507375,90831,385.597183,91372,409.69598,87698,389.589674,88304,393.113456,88350,379.03125,84683,351.173653,82694,336.691824,80492,299.382911,77098,310.225434,78791,308.764535,75202,298.364821,72598,290.330097,70621,273.371025,68805,310.554217,72916,307.603604,71862,334.983871,72516,363.468672,76037,336.917112,76522,354.891089,78696,369.519802,81034,371.231707,87190,482.368421,100975,497.435897,96032
355.186441,80474,344.330097,81848,318.313953,82979,400.268908,84482,416.534704,89102,423.407792,89560,409.752577,85945,430.002451,86714,380.060109,86517,364.312321,82218,402.461538,80223,320.064935,77966,281.142857,74618,302.21021,76323,291.821918,72640,252.772414,70173,273.71885,68124,298.903427,66420,282.696774,70630,303.753709,70248,351.391645,70809,405.138952,74263,320.628571,74839,348.138462,76807,366.177665,79121,377.2891,85211,445.828221,98618
349.07767,76837,328.382838,77462,329.070423,78523,325.285714,79849,381.04918,81134,432.060914,85459,408.410127,85711,420.455696,82562,379.2,83557,395.903743,83993,385.749319,79845,343.607558,78103,298.923077,76047,291.98125,72936,289.795181,74707,289.082569,71468,311.982405,69007,275.060606,67251,319.505747,65188,295.757962,68791,327.531335,68415,309.77551,68862,310.046512,72329,325.48433,72736,343.188679,74583,346.802083,76913,391.626126,82897
323.741445,74157,340.776699,74345,353.692308,74679,351.860759,75906,338,77020,385.208824,78100,398.783099,82073,404.072727,82562,383.359551,80127,395.842105,80618,353.854286,81155,315.767213,77274,352.80654,75463,320.050746,73556,267.569492,70323,292.891447,72200,291.11465,69047,312.489231,66641,263.12,65066,287.536977,63432,294.93578,66892,322.915452,66586,329.110811,66911,276.835443,70321,352.167568,70789,327.861111,72491,293.878505,74788
333.547445,71852,279.578947,73360,318.074349,73065,295.796078,73286,337.112583,74075,336.536184,74744,362.009009,75312,389.735537,79135,359.176471,78914,367.673239,77106,370.140351,77719,330.613636,78362,308.035714,74607,286.767677,72947,266.358621,70957,308.75,68156,302.238532,70026,274.350649,67093,262.222222,64645,250.434783,63011,284.313253,61424,318.157895,64802,280.20712,64427,262.035714,64633,321.017341,67919,283.847682,68436,325.408451,70000
293.627907,67876,305.25,68780,296.659091,70072,294.576923,70085,270.627451,70282,318.548387,71084,324.041812,71654,338.8125,72593,346.675,76089,359.967456,75823,323.824104,74161,353.730408,74736,296.551495,75381,300.473054,71562,254.181818,70168,261.882353,68311,286.174497,65702,317.205634,67554,298.170213,64679,286.182965,62499,267.275261,60992,297.159744,59445,323.805882,62785,280.012539,62323,265.538206,62492,322.84507,65656,304.178248,66160
249.846939,60836,240.041475,63340,262.729258,64273,303.387097,65845,285.687243,66167,287.590164,66496,333.022951,67659,303.135889,68953,307.21831,70883,309.680851,72621,311.403509,72245,301.909091,70739,278.080986,71105,279.4,71869,300.643087,68015,272.387543,66864,249.042857,65092,268.478261,62555,262.132867,64346,274.308725,62319,249.863636,60158,263.003559,58742,229.914729,57382,264.5625,60385,253.768421,60154,288.125828,60251,251.070111,63246
255.082524,56722,267.586207,57935,261.818182,59989,263.361233,60753,249.263158,62074,279.936,61920,261.607143,62090,295.334545,63130,286.933884,63175,299.893993,67409,278.861538,69153,287.627586,68958,262.734082,67453,321.839763,67963,261.461538,68850,284.324324,65343,265.037175,64219,277.574257,62683,261.238434,60374,249.978022,61518,268.754209,59600,225.089431,57548,236.64,56274,236.164122,54870,252.205882,57810,234.784553,57440,258.743682,57674
233.578378,52341,237.368421,53401,227.234043,54478,236.721649,56592,222.382653,57436,252.778761,58532,267.810345,58541,239.625,58932,254.077253,60570,261.44,59827,282.691358,63790,283.186992,65619,292.390572,65095,287.571429,63860,258.58209,64434,240.140625,65322,229.282051,61977,266.348921,60911,239.941406,59530,249.380597,57348,265.481848,58521,221.141079,56712,229.053498,54819,207.614035,53580,207.090909,52249,213.942857,54878,222.641975,54674
180.979167,49456,222.721519,50091,201.428571,50803,232.804233,51754,223.464481,53559,245.088496,53976,238.205882,54895,243.959091,54879,243.514644,54692,258.923077,57061,266.817121,56183,224.063415,60164,232.103004,61991,216.035088,61386,204.235294,60514,238.787645,61029,248.226415,62076,242.773438,58930,227.809524,57929,224.96281,56380,202.738532,54439,235.61157,55507,194.64455,53921,207.522936,52003,206.690909,50831,192.867647,49544,207.368421,52086
184.93007,45176,193.090909,45861,206.71875,46330,215.396648,47072,195.581395,47990,209.890052,49463,221.645503,49936,224.019512,50901,208.11828,50731,197.376404,50719,205.2,52962,167.025,52115,216.526316,55874,230.176991,57743,215.273543,57206,226.17094,56422,226.1,56898,218.068966,57964,225.555556,55203,202.372727,54417,207.552632,53126,194.857143,51225,208.063415,52385,208.967442,50770,173.152632,49051,209.3125,47818,203.986175,46604