Title: F ER- breast NHB,,,,,,,,,,,,,,,,,,,,,,,,,,,,,,,,,,,,,,,,,,,,,,,,,,,,,
Description:  Number of imputed cells: 11 ,,,,,,,,,,,,,,,,,,,,,,,,,,,,,,,,,,,,,,,,,,,,,,,,,,,,,
Start Year: 1992,,,,,,,,,,,,,,,,,,,,,,,,,,,,,,,,,,,,,,,,,,,,,,,,,,,,,
Start Age: 35,,,,,,,,,,,,,,,,,,,,,,,,,,,,,,,,,,,,,,,,,,,,,,,,,,,,,
Interval (Years): 1,,,,,,,,,,,,,,,,,,,,,,,,,,,,,,,,,,,,,,,,,,,,,,,,,,,,,
10.4,28073,5.818182,28106,5.666667,28882,10.5,29979,7.411765,30185,11.428571,31082,8.142857,31055,7.2,31345,8,30884,6,28522,7.142857,27371,3.333333,26770,3,27140,5,29593,8,29177,5,27356,6,26271,5,25492,6,25940,3,24814,2.25,26012,1,26284,5.555556,27547,3.352941,29563,6,28387,4,28996,2,28766
5.714286,25666,6.111111,26942,12.571429,26758,6,27454,11.666667,28559,5.909091,28858,10.47619,29601,2.727273,29405,7.466667,29755,6,30861,7.090909,28370,6.8,27039,12,26460,4.857143,26734,11.25,29243,6.461538,28620,6.375,26866,5,25684,2.571429,24974,6,26037,3,24951,4.266667,26124,4,26406,4,27771,5.263158,29624,4,28464,3.166667,29080
11.2,25434,9.916667,26069,11.333333,27168,12.923077,26934,11.2,27747,14.666667,28877,5.357143,29047,12.736842,29606,15,29348,10.666667,29524,6.25,30589,7.666667,27951,7,26593,14,26152,10.909091,26542,9,29023,12,28348,5.25,26558,4.235294,25484,6.315789,25036,4.75,26141,5,25031,8.8,26133,9.263158,26582,6,27780,4.222222,29714,3.15,28531
10.111111,22801,5.416667,24084,8.3125,24711,10.588235,25948,12.666667,26024,6,27026,12.736842,28184,9.6,28498,11.428571,29006,9.142857,29192,7.272727,29324,3.25,30325,14.258065,27702,9.75,26498,8.333333,26234,8,26438,5.238095,28832,10.833333,28224,8.380952,26492,8.666667,25568,7.636364,25183,2.133333,26207,6.352941,25173,10,26280,9.391304,26816,6.8,27905,8,29683
10,24280,8.75,24967,8.666667,25934,15.052632,26322,8.944444,27393,11.25,27180,11.25,27778,10.0625,28596,12.916667,28485,8.105263,28737,12.5,28955,16.153846,29029,16.153846,29897,12.157895,27555,9.333333,26407,7.913043,26175,4.222222,26406,7.233333,28746,9,28192,4,26575,8.444444,25584,8.363636,25323,5.333333,26271,8.275862,25365,4,26380,8.333333,26789,14.583333,27931
17.521739,23219,7.5,23796,8.769231,24678,10.666667,25961,10.9375,26699,10,28250,15.714286,28270,11.375,29248,12.631579,29746,5.9375,28453,14.56,28696,6.818182,28971,12.444444,28990,16.25,30013,9.333333,27795,7.4,26777,6.571429,26343,8.761905,26639,10.645161,28789,12.685714,28209,5,26680,10,25713,9.28125,25296,5,26421,8.484848,25342,6,26414,8.235294,26764
14.347826,21294,10.823529,21825,21.125,22242,16.551724,22973,10.434783,24158,16.24,24899,11.52,26205,8.4,26178,17.5,27275,15.692308,29670,14.5,28277,10.551724,28378,16.258065,28637,18,28720,12.444444,29997,8.235294,27624,5,26661,14.4375,26050,5.178571,26333,6.162162,28636,5,28160,6,26599,9.72,25678,6,25278,15,26394,7,25389,6,26340
15.583333,21345,18.214286,21205,16.173913,21742,11.25,22236,15.785714,23033,16,24417,8.826087,25166,10.857143,26537,9.52381,26427,19.931034,27049,5.2,29298,11.428571,27890,14.083333,28068,16.842105,28305,9.62069,28574,13,29610,14.424242,27383,11,26259,11.666667,25930,9,26321,8.484848,28601,9.692308,28188,8.285714,26494,12.363636,25642,5.178571,25272,12.342857,26359,11.261905,25237
16.666667,20140,8,21075,15.157895,20878,12.375,21442,10.421053,21978,11.73913,22890,13.961538,24228,19.923077,24973,10.666667,26154,12.375,26350,17.032258,26946,17.027027,29269,16.818182,27733,18.545455,28048,9.870968,28526,15.244444,28771,15.731707,29891,12,27608,8.484848,26178,11.282051,25930,14.965517,26342,15,28663,11.212121,28212,9,26524,7,25706,9,25237,12.3,26380
17.5,19399,12.307692,20239,27.078947,21099,17.368421,20886,19.259259,21497,5.333333,22096,12.4,22946,9.28,24272,17.419355,24883,8.458333,26014,13.444444,25955,25.384615,26486,19,28744,16.820513,27097,16.176471,27670,20.434783,27979,10.857143,28105,18.367347,29117,11.297297,27020,9.272727,26026,11.305556,25801,6,26145,12.307692,28462,8.4,28063,9.473684,26389,11.594595,25554,4.108108,24908
21.913043,18566,18.5,19104,12.6,20037,18.758621,21066,17.571429,21054,19.692308,21938,11.428571,22702,16.466667,23720,13.869565,24729,21.818182,24661,20.731707,25795,10.424242,25748,22.897436,26159,17.666667,28531,23,27003,16,27523,17.62963,27904,22.415094,27879,6.181818,28619,9.214286,27106,11.628571,26005,9,25942,12.292683,26259,17,28570,20.333333,28113,14.341463,26410,9.473684,25574
13.291667,13925,22.5,17542,18.652174,18089,12.6,18948,19.25,19993,24,20070,14.208333,20993,14.742857,21708,24.324324,22921,15.375,24561,15.516129,24463,20.5,25584,29.076923,25474,22.909091,25996,17.641026,28549,16,26960,14.304348,27332,7.636364,27873,17.910714,27990,9.461538,28594,10,27047,17.346939,25968,7.333333,25860,10.27027,26172,11.647059,28570,13.361111,27922,14.325581,26287
15.5,15056,20.740741,14388,15.074074,18082,22.166667,18612,13.157895,19537,17.727273,20634,17.189189,20720,20.769231,21658,12.432432,22120,14.709677,22709,19.354839,24427,15.4,24325,17.560976,25283,12.878049,25343,20.461538,26064,17.015873,28527,11.594595,26963,13.674419,27369,14.608696,27644,18.333333,27912,10.188679,28519,7.145833,26850,15.588235,25954,9.3,25811,16,26065,14.254545,28482,15.5,27759
15.130435,13328,18,13698,13.5,13250,16.238095,16787,18.352941,17554,17.333333,18696,19,19995,15.483871,20309,19,21340,14.068966,22035,16.969697,22552,11.333333,24242,16.538462,24135,21,25171,17.488372,25480,12.75,26018,8.864865,28449,12.857143,27071,21.632653,27361,13.565217,27582,11.207547,27833,11,28466,6,26844,12.266667,25959,14.7,25736,16,25968,12.24,28383
9.230769,14735,11.307692,14903,13.92,15181,12.913043,14455,15.689655,18240,19.342105,18895,21,19962,23.684211,21080,17.488372,21201,24.212121,21186,18.871795,21880,14.193548,22365,22.051282,24035,21.923077,24021,20.045455,25044,14,25370,18.734694,25771,18,28252,15,27050,18,27312,20.740741,27566,16,27763,15.5,28350,17.34,26823,9.857143,25822,14,25511,20.714286,25715
18.344828,13481,15.6,14158,19.5,14547,14,14913,7.428571,14482,16.4,18580,18.947368,19522,17.255814,20807,15.84375,21662,25.756098,21034,21.176471,20997,15.971429,21663,25.653846,22118,24.0625,23808,16.363636,23885,18.580645,24772,15.142857,25094,15.521739,25553,12.266667,27626,16.603774,27129,18.885246,27373,12.20339,27449,13.464286,27791,13.609375,28383,12.55814,26796,11,25690,10.434783,25442
7.285714,12013,10.8,12780,8.928571,13406,17.222222,13697,14.666667,14126,14.52,13736,12.3,17632,20.631579,18364,15.953488,19780,15.794872,21553,16.333333,20986,23,20890,25.93617,21555,8,22125,20.295455,24091,14.424242,24127,25.531915,25142,15.918367,25511,16.380952,26044,16.592593,27360,12.436364,27052,21.016949,27160,13.116279,27243,28,27624,18.152542,28117,17.326923,26644,15.714286,25485
14.857143,11774,7.777778,11908,14.285714,12720,14.535714,13380,14,13796,4.8,14329,12.5,14031,23.275,17989,21.121212,18602,22.911765,19603,27.22449,21258,18.837838,20601,19.2,20509,25.021277,21206,25.254902,21748,23.375,23539,20.327869,23619,24.189655,24518,13,24832,20.701754,25869,15.296296,27147,17.596491,26779,26.825397,27030,17,27120,13.852459,27498,14.538462,27925,11,26487
12.176471,11424,12.857143,11927,13,12043,16.210526,12801,23.75,13439,20,13865,17.642857,14334,18.5625,13927,19.555556,17697,12.941176,18521,27,19522,19.361111,21180,26.25,20469,19.35,20528,18.765957,21369,17.354167,21849,15.326087,23649,17.163636,23978,22.75,24708,19,24740,13.530612,25675,20.759259,27060,18.272727,26637,15,26961,16.477612,26971,22.647059,27264,13,27719
6.052632,11660,8.666667,11725,7.2,12270,11.26087,12379,17.2,13212,6.956522,13897,12.424242,14361,14.222222,14807,18.242424,14385,17.454545,17543,20.642857,18389,32.48,19314,19.428571,20891,19.255814,20184,20.23913,20264,18.290323,21149,18.315789,21493,19.422222,23336,11.44,23669,14.4375,24577,24.705882,24712,15.283019,25624,20.344828,26951,18.6,26592,16.253968,26874,13,26947,17.288136,27173
14.4,10710,12.210526,11445,11.2,11513,13.043478,12025,20.275862,12169,14.4,12981,19.615385,13708,11.388889,14092,16.354839,14456,14.322581,14265,19.2,17436,22.040816,18200,27.344828,19131,20.461538,20718,21.42,20101,18.765957,20210,23.867925,21083,17.333333,21502,14.491228,23231,18.352941,23592,21.287671,24420,21.763636,24561,15.277778,25577,17.269841,26896,16.262295,26487,13.866667,26658,18.046154,26763
9.210526,10271,7.043478,10296,14.666667,10975,13.896552,11028,16.391304,11554,11.076923,11675,13.566667,12476,16.058824,13123,9.153846,13432,17.612903,14324,22.054054,14111,22.886364,17285,13.444444,17943,16.022727,18797,15.02439,20558,16.355556,19784,26.339286,19990,16.276596,20923,16.761905,21515,11.229167,22968,20.294118,23413,11.4,24229,16,24331,19,25335,16.258065,26627,13.912281,26163,5.212766,26341
16.076923,10171,10.705882,10229,9,10293,11.272727,11008,14.208333,11131,11.2,11715,14.736842,11945,16,12784,14.147059,13397,15.935484,13315,15.6,14207,7.8,13996,13.714286,17086,18,17758,26.448276,18670,20,20340,21,19566,18.581395,19897,12.666667,20658,15,21364,19.316667,22852,24.078125,23274,22.6875,24143,25,24209,15.46875,25087,18,26418,26.329114,25950
6.666667,8246,18.424242,8993,10.111111,9124,8.823529,9266,12.419355,10033,16,10215,14.826087,10881,9.470588,11137,11.785714,12035,9.25,13245,15.2,13177,16.8,14085,10.636364,13778,13.317073,16835,17.666667,17706,16.615385,18478,16.363636,20229,18.305085,19559,16.034483,19752,12,20482,16.280702,21265,12,22569,19.876923,23180,13.220339,23920,19.838235,24000,16.280702,24891,14.259259,26175
9.176471,9135,15.5,8838,13.304348,9548,14.142857,9649,6.875,9753,14.583333,10506,5.866667,10633,14.684211,11218,8.571429,11319,15.407407,11889,16.276596,13108,9.185185,13029,12.685714,13920,12.857143,13566,14.622222,16726,13.553191,17517,22.235294,18130,12.521739,20025,18.290323,19559,18,19577,19.275362,20212,17,21007,20,22359,23.638889,22947,21.688525,23724,15.25,23752,21,24556
13.703704,8940,6.444444,9204,13.571429,8962,7.1875,9772,9,9982,14.347826,10203,18.5,11077,15.052632,11290,11.142857,11760,12.692308,11132,7.16129,11715,20.216216,12877,9.439024,12666,19.125,13595,11.333333,13201,13.317073,16190,13.22449,16841,14,17506,10.833333,19181,17.548387,19347,19.814286,19456,18.28125,20097,24.947368,20883,18.290323,22241,11,22711,12.218182,23529,15.230769,23563
10.266667,8537,13.052632,8406,10,8577,11.294118,8315,5.6,9075,9.692308,9220,10,9396,11.2,10166,13.333333,10342,12,11623,14.857143,11042,12.692308,11594,12.292683,12825,6.909091,12628,17.414634,13645,18.782609,13312,13.975,16281,14.264151,17112,15.254237,17812,17.507463,18954,15.25,19138,14.538462,19218,16.210526,19849,9.176471,20641,15.725806,21964,19.575758,22412,17,23204
12,8724,12.692308,8708,9.8,8576,7.941176,8679,5.111111,8432,3.75,9219,7.727273,9343,12.115385,9492,9.722222,10163,5.052632,10229,15.310345,11519,5.833333,10970,7.5,11447,9.142857,12757,6.692308,12585,14.341463,13642,20.8,13273,15.9375,16394,17.607143,17078,19.292308,17633,17.265625,18784,19.535211,18885,12,19012,15.3,19572,15.272727,20370,9.1875,21643,18.075949,22069
14.0625,8151,6.823529,8434,8,8440,14.086957,8346,5.333333,8516,7.807692,8372,9.142857,9173,10.230769,9353,8.866667,9459,5.909091,10013,7.928571,10052,14.571429,11264,11.970588,10685,15.166667,11120,20.5,12558,11.282051,12294,22.977778,13176,14.7,13002,7,16006,14,16837,14.528302,17474,16.52459,18617,16,18693,14.27451,18813,15.483871,19336,16.216216,20012,21.851351,21305
10,8452,5.818182,8405,8.555556,8657,6.875,8623,12.461538,8486,2.666667,8682,7.1875,8480,11.923077,9250,6.851852,9238,12.121212,9274,8.222222,9782,4.347826,9867,15.810811,10901,16.421053,10359,13.302326,10844,11,12171,9.45,11836,10.25,12871,10.222222,12690,17.122807,15742,15.737705,16631,16.727273,17245,14.41791,18466,8.380952,18466,12.380952,18554,11.166667,19019,19.527778,19751
4.631579,8658,16.714286,8710,13.714286,8681,8.4,8956,6.315789,8976,16.551724,8978,11.727273,9105,7.5,8883,8.272727,9527,10.181818,9094,10.542857,9087,13.103448,9670,14.341463,9765,4.571429,10875,10.454545,10351,15.357143,10885,14.291667,12179,15.857143,12036,7.148936,12844,9.882353,12527,11.431373,15624,23.333333,16381,13.393939,17103,16.253968,18303,17.253731,18295,10.46875,18336,19.826087,18696
11.421053,8019,8.296296,7984,12.133333,8126,9.45,8158,9.470588,8442,14.285714,8468,6.904762,8481,4.6,8646,7.826087,8492,5.185185,9414,11.347826,8979,12.083333,8978,7.225806,9515,12.888889,9585,8.533333,10743,8.275862,10281,14,10709,15.714286,12176,11.767442,12048,12,12651,11,12331,16.238806,15456,10.188679,16201,15.869565,16798,7.583333,18032,25.724638,17919,17.269841,17962
7.5,7733,6.25,8046,10.666667,7942,7.5,8005,7.565217,8000,9,8247,6.6,8289,4.909091,8284,8.826087,8165,12.4,8282,7.2,9176,9.321429,8739,12.178571,8705,6.461538,9208,10.37037,9286,10.465116,10396,9.290323,9987,12,10415,15.258621,11703,7.285714,11830,8.347826,12398,9,12128,9.55102,15162,8.428571,15918,14.5,16420,18.315789,17613,16,17482
7.666667,6923,7.578947,6811,3.5,6965,4.875,6896,10.571429,6984,2.5,6975,6.827586,7144,7.555556,7181,4.411765,7503,7.428571,8004,6.315789,8169,8.666667,9081,4.210526,8669,8,8606,14.147059,9204,10.625,9355,7.518519,10406,12.352941,10135,9.818182,10521,7.145833,11582,4.210526,11666,8.842105,12207,7.159091,11953,13.481481,14934,16.542373,15684,12.363636,16145,15.491803,17314
7.142857,7045,3.529412,6963,7.105263,6851,2.545455,7147,8.214286,7063,12.571429,7063,6.857143,7048,5.714286,7301,5.647059,7169,5.4,7275,5.8,7739,9.538462,7928,9.090909,8738,14.857143,8320,5.652174,8260,9.5,8805,8.444444,8846,8.210526,9913,8.914286,9737,11,10336,2.186047,11383,4.222222,11506,11,11948,6.153846,11749,15.234375,14641,12.610169,15397,16.581818,15784
6.285714,7256,2.5,7108,8.1,7076,1.818182,7005,9.3,7222,5.6,7206,12,7322,2.285714,7391,5.869565,7594,5.952381,6999,9.92,7142,7.807692,7577,13,7769,10.6875,8565,10.882353,8221,13.714286,8098,7.538462,8620,8,8840,10.9375,9630,9.28125,9511,9.230769,10138,8.666667,11126,12.244898,11215,4.307692,11654,7,11463,20,14267,13.672414,15009
1.357143,6519,12.25,6579,9,6427,10.909091,6427,4,6307,3.294118,6590,3,6558,1.538462,6734,5.176471,6828,3.666667,7528,6.458333,6903,10.384615,7078,5.208333,7504,4.421053,7639,11.153846,8469,9.321429,8132,9.5625,7956,3.3,8598,8.551724,8718,12.666667,9520,6.171429,9362,6.133333,10015,5.25641,10922,8.421053,11058,14,11457,9,11313,18.537313,14021
7.142857,6193,4.666667,6310,7.666667,6369,3,6248,6.818182,6300,7.333333,6217,7.916667,6425,7.125,6572,7.583333,6655,7.647059,6673,8.333333,7414,1,6802,7.875,6884,10.285714,7288,5.75,7461,6.947368,8277,12.307692,7843,9.5,7867,12,8350,5.16129,8548,6,9350,7.259259,9144,9.9,9799,5.606061,10671,13.254902,10858,6.3,11167,19,11013
8.3125,5605,2.8,5945,5.28,6024,2.533333,6090,5,6010,8.214286,6019,1.5,5925,6.666667,6243,7.142857,6457,3.9375,6470,7.538462,6464,6.9,7231,7.333333,6570,10.909091,6741,5.47619,7071,3.272727,7269,3,7978,9,7728,9.257143,7648,5.192308,8181,9.692308,8412,5.15625,9140,7,8950,12.947368,9578,7.205882,10447,6.375,10613,7.166667,10950
5.5,5521,9.1875,5618,5.555556,5992,2.833333,6107,6.222222,6224,7.777778,6117,3.631579,6185,2.933333,6190,4.058824,6358,1.294118,6335,10.8,6315,7.972222,6296,7.913043,7018,9.73913,6337,4,6531,5,6692,7.233333,6914,5,7676,7.807692,7447,6.176471,7440,2.137931,8012,6.222222,8218,9.972973,8874,12.510638,8714,6.272727,9306,9.382979,10166,8.421053,10294
6.333333,5358,5.333333,5484,6,5566,6.461538,5984,8.166667,6134,6.578947,6273,5.333333,6193,5.588235,6364,1.529412,6381,11.818182,6073,2.5,6077,5.681818,5990,5.25,6019,6.571429,6696,6.72,6046,9.9,6153,10,6311,5.151515,6703,7.411765,7245,8.275862,7283,12.387097,7294,10.263158,7834,11.628571,8039,10,8692,7.241379,8451,6,9056,6,9902
8.555556,4638,2.833333,4876,6.285714,4966,4.071429,5071,6.578947,5469,5.769231,5563,5.846154,5699,6.117647,5646,2.727273,5851,7.173913,6223,2.333333,5883,2.714286,5848,7.933333,5791,5.454545,5824,5.416667,6507,10.058824,5893,7.583333,5981,4.296296,6360,5.555556,6547,8.470588,6983,6.387097,7073,3.193548,7105,8.166667,7638,3.085714,7809,7.5,8365,4,8186,4,8807
6.785714,4635,2.2,4586,4.5,4796,4.285714,4908,5.75,4984,1.5,5387,3.833333,5457,5.4,5620,2.761905,5518,1.625,5566,7.2,5984,9.041667,5603,6.705882,5614,1.111111,5538,8.05,5588,3.529412,6234,6.857143,5611,1.058824,5840,3.461538,6123,9.514286,6334,3.090909,6765,6.428571,6849,3.130435,6878,8.307692,7415,8,7612,13.325,8098,5.384615,7927
2.111111,4625,10,4606,0.5,4456,1.230769,4668,2.705882,4668,3.9375,4714,6,5026,3.789474,5047,5.6,5202,2.307692,5258,7,5316,8.555556,5615,7.090909,5286,7.954545,5337,3.2,5245,3.142857,5255,5.25,5825,6.631579,5387,2.111111,5509,11.392857,5947,4.166667,6138,2.068966,6526,1.043478,6664,7.777778,6661,5.75,7179,7.411765,7332,4.129032,7862
5,4571,2.5,4342,4.363636,4296,2.5,4175,1.333333,4349,4.888889,4322,5.6,4309,6.428571,4618,6.111111,4652,4.846154,4910,7,4894,3.705882,5041,2.25,5274,5.666667,5000,1,4954,3.1875,4914,5.294118,4900,8.4,5660,4.2,5132,8,5299,3.45,5706,6.25,5916,4.6,6293,6.413793,6411,6.315789,6422,11,6923,6.272727,7080
2.6,3570,5.25,4248,2.363636,4132,2.545455,4187,6,4201,6.222222,4452,5.6,4508,4.857143,4631,1.538462,4850,4.666667,4377,2.571429,4620,4.727273,4606,6.315789,4712,2.166667,4959,2.333333,4679,2.117647,4639,2.105263,4568,5,4682,3.3,5181,1.230769,4971,4.173913,5158,2.190476,5486,3,5701,8,6085,3.176471,6244,4,6197,5.47619,6661
0.5,3193,5.4,3183,1.833333,3697,4.533333,3576,5.333333,3614,2.461538,3602,3.818182,3782,3.3,3803,2.4,3939,4.2,4626,6.333333,4186,4.941176,4450,4.5,4423,6.705882,4547,5.384615,4824,5.714286,4594,2.181818,4488,4.166667,4649,1.333333,4642,4.333333,4944,1.052632,4761,2.117647,4927,6.545455,5261,6.5,5471,5.263158,5832,3.176471,6021,6,5904
2.375,2937,3.25,3017,2.571429,3022,0.5,3517,0.5,3431,6.538462,3469,6.785714,3453,3.461538,3643,1.5,3730,2.375,3682,2.6,4336,1,3914,0.5,4097,2.2,4058,3,4224,5.666667,4493,2.5,4209,5.384615,4303,3.272727,4337,6.666667,4466,0.5,4747,3,4571,2,4742,4.727273,5038,3,5253,4.190476,5579,8,5741
7.428571,2593,0.5,2799,1.571429,2853,0.5,2854,4,3288,3.25,3168,7.384615,3168,3.142857,3163,1.4,3281,1.222222,3416,2.4,3400,5.818182,4051,0.5,3590,2.133333,3810,4.615385,3759,2.235294,3924,9.625,4229,2,4041,3.4,4054,5.3125,4087,3.142857,4259,3.157895,4497,4.8,4350,5.3125,4465,2,4793,3.1875,4969,2.421053,5298
0.5,2439,2.5,2479,0.5,2663,7.428571,2703,2.333333,2674,4,3089,1.4,2917,4,2929,5.833333,2885,4.333333,2998,1.25,3159,4,3130,3.5,3703,3.3,3305,2.4,3522,5.3125,3441,1,3561,2.2,3967,3,3831,3.461538,3865,3.3,3885,1.333333,4061,4.285714,4267,3.166667,4126,3.6,4242,5.294118,4547,6,4714