Title: F ER- breast NHW,,,,,,,,,,,,,,,,,,,,,,,,,,,,,,,,,,,,,,,,,,,,,,,,,,,,,
Description:  ,,,,,,,,,,,,,,,,,,,,,,,,,,,,,,,,,,,,,,,,,,,,,,,,,,,,,
Start Year: 1992,,,,,,,,,,,,,,,,,,,,,,,,,,,,,,,,,,,,,,,,,,,,,,,,,,,,,
Start Age: 35,,,,,,,,,,,,,,,,,,,,,,,,,,,,,,,,,,,,,,,,,,,,,,,,,,,,,
Interval (Years): 1,,,,,,,,,,,,,,,,,,,,,,,,,,,,,,,,,,,,,,,,,,,,,,,,,,,,,
27.096774,180435,33.428571,178746,22.166667,176310,19.684211,176501,33.545455,173746,35.342466,172862,33,166511,23.666667,161296,26.709677,152049,25.432836,138337,20.1875,133585,29.292308,131343,25.16129,133929,24.559322,142016,20.8,132959,21.362069,120932,14.528302,113161,14.518519,109943,14.622222,114436,13.40625,110911,12.244898,115499,16.326531,117031,20,119661,17,127183,13.376812,126515,13,128325,22,127403
33.506494,170808,42,175976,33.6,173873,39,171420,32.463768,171585,28.716216,169459,33,168327,28.481013,161498,24.818182,156647,24.550725,150726,27.223881,136826,23.032258,132135,21.724138,129771,21.724138,132524,20.288136,140644,21.984375,131529,15.5,119887,21.403846,112394,10.289855,109656,16.296296,114436,22.338462,110920,23,115233,21.269841,116714,16.213333,119443,21,126773,16,125780,19.644068,127371
44.4,171458,40.296296,170458,28,174952,34.236111,172636,41.948052,169858,43.37931,170466,45.217391,167915,41.07,165855,34.026667,159144,40.659794,155491,32.093333,149216,29.714286,135244,30.481013,130795,25.486486,128733,26.928571,131532,17.871795,139379,25.641026,130514,19,118938,25.3125,111418,16.484848,109606,20.25641,114355,14,110675,16.25,114984,17.209877,116641,18.243243,119224,25,126066,18.233766,125114
47.317308,161936,54.083333,163823,45.505747,163382,38.011905,168583,35.488372,167108,42.533333,165875,30.277778,167246,52.504505,164933,45.279661,162663,41.292135,157921,27.75,153885,31.255814,147814,24.872093,134045,25.555556,129892,28.626506,127926,24.263736,130502,24.986301,138676,31.546392,129890,17,118445,19.686747,111334,15.1875,109397,23.841463,114134,22.297297,110243,18.211765,114572,15,116207,24,118596,24.5,125155
45.557522,170846,46.431373,172884,43.198198,172882,49.254545,170905,47.79661,174622,53.684211,172195,34.339623,169289,54.16129,168328,49.512195,165632,55.354839,161282,38.172414,156327,39.504425,152299,36.472727,146415,30.545455,132736,32.589744,128939,23.938776,126821,28.205357,129621,38.712963,137677,27,129958,27.241071,118294,25.588235,111283,20.416667,109254,18.4,113954,26.273684,110017,19,114406,14,115832,17.369565,118142
57.751825,165385,55.885714,166685,43.135135,169154,56.421875,170105,59.018868,169040,50.272727,174363,47.748466,172924,49.186567,170245,49.18705,168295,57.292208,164068,42.02649,159630,51.116883,154659,42.863636,150982,39.12,145259,31.96875,131863,30.962406,128082,34.03937,126093,26.342282,128988,34.689189,135653,34.122449,129786,30.916031,118256,20,111042,23.190083,108965,25.37594,113698,16.283186,109791,26,114156,24,115279
63.507692,154024,52.029851,159556,73.946667,159978,55.820896,162075,58.62069,162627,53.216216,161874,66.554878,166537,43.726027,164061,48.857143,162584,44.150943,167403,40.981013,163090,46.993007,158798,42.091503,154250,37.302632,151130,28.184874,145518,28.591549,132352,43.098039,128640,28.6,126917,36.363636,130058,32.607595,135153,23.442308,129291,28.054688,117800,26,110312,21.538462,108366,19,113104,22.437086,109021,22.606897,113103
71.522293,154507,83.432432,153538,65.828025,158999,54.816794,159780,62.333333,162301,59.444444,163801,60.253968,163341,56.810127,167715,40.888889,165345,46.559322,161249,56.111111,165762,55.807229,161478,63.709845,157017,52.832402,152613,34.708333,149501,33.317647,143916,38.010929,130798,31.666667,127389,32.256757,125723,35.367816,129782,32.006494,135045,34.184783,128936,38.932515,117519,19.139706,109973,19.435115,107920,24.496552,112589,18.514286,108389
79.068027,150739,73.24359,151336,79.733333,150231,72.905028,155868,75,156947,64.705521,160338,76.27551,162063,71.822581,161269,46.073298,165503,56.770833,164276,50.285714,160128,41.015873,164715,65.539535,160700,44.283582,156580,48.358209,152460,39.024876,149330,31.659574,143858,32.855615,130849,30.681818,127600,30.567568,125606,30.545455,129618,34,134647,33,128563,24.144578,117061,23,109753,24.510638,107427,28.202899,111791
75.324841,157280,78.994924,154024,63.375,153696,101.704036,152102,73.587302,157365,61.649485,158655,70.25,161475,74.918919,162100,56.919643,161196,55.824324,164252,78,162261,64.607438,158347,59.716814,162535,57.506494,158619,41.769912,154360,49.575342,150233,42.631841,147043,34.607143,141454,23.657143,129489,27.553846,127380,38.510204,125417,32.989691,129080,33.304147,134205,24.603015,127957,29.157609,116798,27.5,109339,21.388889,106822
83.793103,171496,102,153676,71.764423,150885,63.092391,151345,78.422535,150617,64.817734,157356,67.09292,159499,55.465116,162655,77.553957,162873,62.857143,159697,74.525,162590,66.442379,160440,54.440154,156452,53.048193,160557,62.249147,156555,36.508621,152383,51.794677,148103,46.71875,144862,34.202429,139424,37.341014,129134,29.137441,127127,33.916667,125115,32.301887,128570,47.298387,133536,35.334928,127375,32.714286,116054,35.167464,108650
90.75,117174,106.13278,165179,82.743363,147736,77,145444,62.805556,146272,70.236162,146538,71.2103,153326,74.255814,155199,68.486275,159022,60.217021,161799,74.712,158573,74.543651,161724,56.089888,159706,50.125461,155883,48.535433,160516,52.987013,156454,54.422939,152646,49.32872,148531,42.857143,145615,46.015038,139109,32.330472,128830,36.850394,126722,34.93578,124791,34.311927,128264,32.142857,133029,47.88015,126959,26.55794,115348
60.25641,122105,52.145631,116814,104.738676,164445,98.765799,147300,88.302521,145310,77.647059,147120,80.988417,147554,82.900398,154062,72.15331,155939,82.105263,157772,63.831461,160511,54.656604,157664,59.757785,160859,59.494949,159103,43.069401,155455,67.299035,160278,45.434783,156392,49.937888,152747,44.863333,148644,41.481481,145115,32.671329,138852,40.625,128493,40.695652,126144,35.439331,124294,34.119298,127694,38.266667,132215,35.27027,126121
86.691943,117483,103.68,117085,60.511848,112145,114.0625,158754,82.314286,142951,87.065693,142388,89.841549,144741,71.338403,145353,74.476868,151639,77.650165,154682,64.490385,156251,60.159696,159112,72.791946,156254,54.868966,159371,52.111111,158055,52.145215,154380,44.209375,159020,54.207977,155248,52.917647,151568,49.99661,148222,44.748299,144812,39.80137,138292,30.348837,127880,43.432886,125707,47.626667,123766,45,126930,38.272401,131404
96.699187,132925,76.580808,124244,80.824561,122721,88.675105,117055,115.171171,164917,105.716172,148425,83.180124,147007,78.932432,148179,82.035088,148591,82.217822,150384,73.132867,153284,71.5,154928,78.317881,158177,77.534328,155262,63.692308,158807,67.011765,157558,67.616099,154163,52.715596,158781,49.059937,155504,43.573487,150675,38.666667,147598,42.260062,143946,44.287582,137401,48,127071,36.539326,124740,41.587814,122566,31.549645,125766
65.085859,111841,105.765182,130357,86.318367,122107,83.820423,121430,99.054745,116604,103.270588,165893,100.769716,150113,76.075,148877,70.496324,148486,72.224561,147129,76.476974,148656,81.385135,151531,69.55414,153083,93.103746,156107,65.664653,153420,58.44186,156953,63.073654,155640,65.532934,152286,53.883333,156330,51.730659,155044,48.695082,150332,53.681672,146941,42.543689,143033,37.45679,136519,41.956667,126273,43.877551,123963,38.730769,121524
67.166667,101843,95.922705,106621,103.830116,124137,83.25,116455,79.669091,116039,80.274368,111889,117.48,159532,116.31016,143720,80.311475,143711,50.057971,147160,81.255952,145926,68.154321,147709,75.08046,150883,76.430595,152674,65.129338,156159,69.750733,153800,63.746479,157653,45.948795,156490,58.682635,153508,62.586705,155848,49.40274,154490,41.411765,149739,51.720339,146201,52.303977,142369,38.498361,135865,27.375,125467,39.639344,123068
55.345912,97249,79.44878,101243,83.33617,106023,78.275093,123877,95.616438,116565,63.480916,116768,83.986622,112976,107.944039,160790,94.52381,145776,71.441176,142294,81.675,145449,71.458333,144112,82.923077,145946,93.108179,148804,68.280757,151003,63.447531,154332,70.121118,151923,70.285714,155874,63.05042,155000,61.011236,152751,43.485531,155303,50.58651,153512,57.091922,148768,45.106918,145123,44.666667,141233,50.847458,134822,40.892193,124385
94.309859,96338,65.251256,96923,61.303965,100523,70.656716,105223,74.820144,122901,75.39726,115852,78.222222,116028,66.803859,111567,90.326975,157015,89.026178,144103,72.747604,140648,76.822785,143816,95.658683,142588,87.662125,144465,68.229885,147708,72.700297,149890,79.169014,153417,72.513812,151084,61.671827,155065,61.869688,154598,67.798365,152172,51.605341,154393,48.540845,152654,52.630303,147925,66.705882,144201,52.802469,140136,31.391167,133698
84.812834,95585,80.606061,97021,75.663717,97610,63.926267,101537,76.23913,106715,72.050314,125420,97.301538,118600,72.060201,118644,80.142857,115467,101.438849,155363,91.19171,142481,89.821538,139359,90.519481,143022,77.95679,142104,73.949843,144561,84.970414,148082,62.418605,150886,83.707521,154509,58.091954,151945,65.32987,154178,60.02907,153684,63.033333,151212,71.33515,153353,68.652055,151684,48.281525,146888,53.924419,142956,51.681818,138932
61.461538,88350,75.814286,92759,81.746988,94080,79.554167,94851,82.015038,98898,93.021201,104518,80.952381,123020,82.867925,116068,89.342618,114915,80.993671,114109,97.53717,153169,79.315315,140186,78.450867,137266,81.41994,140730,82.077922,139885,83.473684,142374,62.320442,145674,70.988701,148441,76.824324,152188,54.107463,151093,57.066474,153299,51.09375,152606,45.014409,150169,46.043478,152237,50.484848,150346,71.562857,145481,55.038462,141423
48.486486,88435,66.923077,88392,89.814815,92162,55.566372,93069,73.856574,93432,69.298182,97403,73.52027,102391,97.467391,119736,71.180124,113201,74.637224,113349,68.851752,112808,89.615819,151710,78.717201,138950,66.24,136353,66.75,140281,78.133705,139645,76.814516,142388,48.896254,146158,59.425532,148856,60.326648,151431,59.927978,150263,61.965699,152331,61.276596,151418,53.60745,149005,61.550388,150981,51.573034,148842,54.433155,143806
71.774648,89748,76.284314,87273,63.846512,86965,74.204724,90736,83.755102,91586,86.028269,92283,66.624535,96090,71.607558,100749,79.495775,116775,82,111663,62.578797,111868,56.290657,111243,94.492823,149632,87.262162,136798,69.967213,134512,72.73743,138414,77.549575,137880,71.184697,140645,56.096866,144690,52.843373,147840,56.502732,150385,63.722222,148891,56.345109,150873,73.698565,149802,58.975962,147186,60.318436,149035,55.158177,146773
56.4375,79744,47.8,84623,59.629956,82584,69.256039,82883,66.800766,87018,84.645161,88715,70.926518,89883,82.47678,94002,70.659218,100001,65.192612,115167,67.670927,110091,83.076923,110458,81.527273,109827,91.2,148018,74.916067,135538,55.450867,133624,65.983287,137694,72.994652,137548,73.184615,140232,62.108108,143655,55.823377,146889,65.880759,149282,44.601093,147727,68.679198,149569,48.727273,148368,55.278481,145747,69.507353,147407
59.24186,82715,55.730769,81765,68.29918,86092,64.304348,83623,68.695035,83515,74.588235,87564,67.157895,88703,54.971731,89238,40.25,92162,81.9375,98442,63.335013,113385,58.941003,108208,80.342857,108553,87.391781,108019,80.460094,145912,86.875306,133286,76.150259,131737,65.852632,135991,59.248804,136200,55.152,139030,63.398496,142572,53.440806,145539,47.567633,147718,64.62439,146125,55.726027,147902,60.853081,146450,61.936061,143890
73.02834,84084,72.478448,81467,65.95671,80712,60.962025,85394,63.127572,83327,62.568266,83876,60.542857,88287,70.297872,89647,60.5,89994,52.451299,90596,82.619318,96608,89.533333,111312,74.479412,106104,70.674221,106477,76.795107,105900,80.017621,143148,63.183771,130741,65.07177,129245,52.142857,132908,76.046083,135003,70.916667,138012,46.683168,141191,72.03125,143827,67.680556,146232,55.151386,144365,57.584906,146155,51.681514,144437
61.925197,85553,59.669565,80454,51.858407,77567,56.066929,76834,61.951542,81281,48.321429,79379,53.90378,79781,50.555556,83653,58.697917,84831,56.408935,88559,72.1875,89241,60.432602,95334,76.819672,110051,52.091483,105017,74.738462,106003,50.569014,105632,77.87269,143213,77.166667,131039,67.506427,130058,55.817308,131664,60.236145,133646,61.405152,136417,56.29717,139739,64.229935,141978,62.346578,144393,62.427586,142293,58.884532,143712
63.655462,85713,74.689139,84628,55.481481,79363,53.630332,76621,73.992701,76033,47.428571,80598,70.522388,78755,62.678571,78985,60.092715,82785,71.607558,83382,75.404011,86918,65.825243,87861,74.240506,93889,77.234973,108452,55.559524,103765,70.330709,105067,55.65,104732,64.917391,142632,66.980044,130613,57.205189,128947,57.439589,130448,60.721154,132395,58.727273,134935,63.310782,138416,47.015453,140305,66.849015,142566,61.395248,140272
66.829787,86385,61.538462,85412,87.892977,84146,63.424125,78988,50.972973,76365,55.155642,75929,54.882911,80566,38.857143,78475,45.806202,78328,64.945455,81202,58.253644,81826,60.931298,85223,45.416949,85866,68.389381,91782,62.452926,106152,60.04336,101429,70.596401,102675,61.025172,102431,73.549902,139676,58.904232,129163,56.297872,127486,61.793103,128895,52.348558,130544,59.248532,133090,56.474227,136257,57.890625,138220,64.00404,140242
61.869091,90226,67.306452,86210,57.778195,84654,66.40625,83202,53.587786,77907,58.41637,75154,35.267176,74499,49.7,78509,53.75,75934,58.334448,76927,50.046823,79852,57.454545,80483,52.444444,83908,72.76,84611,56.958457,90840,80.42394,105313,60.903226,100568,58.454082,101874,59.657143,101347,77.295918,137502,50.689655,127243,42.138889,125267,49.018868,126656,59.557047,128125,48.93913,130786,65.158954,133349,53.181818,135367
75.420495,88486,83.761589,87557,70.78022,83482,71.624161,82427,56.523985,81246,50.26,76389,48.411215,73597,37.675472,72409,68.552381,76724,62.231231,74570,54.809231,75671,62.741007,78660,60.93617,79197,68.845426,82821,64.84472,83349,62.911227,89870,78.484108,104468,64.742015,99844,43.705584,100821,69.636761,100131,63.616387,135881,66.612245,125529,58.414122,123595,71.627255,124961,55.2607,126510,59.788168,128937,56.661417,131349
67.109215,87075,68.595506,86055,65.852632,86090,63.75,82447,85.306931,81296,39.36,79919,62.158273,75349,59.956989,72938,52.922535,71208,57.594937,75303,52.571429,73341,51.949807,74414,54.545455,77283,49.263514,77924,54.206061,81281,60.97035,82080,67.161125,88727,68.333333,103413,43.076923,98727,51.670951,99374,53.847032,98557,66.131528,133742,46.982906,123360,54.219665,121253,51.700229,122753,54.991837,124095,53.04698,126351
63.967846,89612,77,86051,75.111111,84923,70.864865,84219,57.936842,80611,53.59375,79551,55.550173,78511,53.268551,74292,47.883212,71630,57.028754,69973,44.72,73916,37.794872,72119,52.371429,72995,51.84058,75732,51.773585,76395,48.071672,79835,52.403846,80617,51.822917,87337,60.428571,101596,42.212366,97573,54.177778,98183,46.119403,97218,72.319703,131800,62.328713,121641,50.161638,119589,52.852459,120978,55.581395,122337
71.513514,86195,79.895623,85673,65.300676,81400,56.925795,80533,63.93311,80671,60.625828,77171,69.790164,76166,67.011236,75173,45.101639,72051,50.19863,70295,46.587031,68634,52.162879,72498,51.467681,70807,44.390244,71842,44.615385,74319,54.981308,75118,47.598784,78677,47.981538,79506,50.765766,86423,59.120172,99989,43.492386,96010,44.802083,96549,57.166667,95405,68.977431,129317,49.681909,119305,50.421941,117203,48.526316,118490
84.062696,86678,71.816327,86651,66.983713,85749,62.256849,82145,60.078292,81025,63.369775,79973,78.325301,76234,57.50495,75112,67.201365,73218,55.822064,70747,40.826087,69147,52.56,67438,47.595331,71259,52.648936,69760,52.628571,70504,51.066265,73105,49.185185,73990,40.276786,77735,25.634921,78877,48.456338,84994,44.645408,98435,40.873786,94551,46.477922,94952,60.302428,93745,60.346008,126937,66.396484,117100,55.533981,114825
75.243986,87312,63.483871,83606,62.593548,84070,73.006135,83684,57.27451,79850,53.607595,78941,49.577465,79069,62.739521,75944,51.93985,75109,53.15894,71578,42.368231,69251,48.195918,67723,54.940711,65938,41.203065,69681,28.99262,68043,34.808219,68883,57.365591,71530,49.375796,72360,55.135135,75478,50.451807,77557,50.160526,83581,57.125604,96766,45.449412,92846,48.289277,93282,42.018059,92066,77.608466,124298,75.247191,114694
52.740984,83977,77.756173,84235,60.744828,80364,51.282051,80349,70.141414,79552,61.003236,76031,73.086687,74693,49.948171,74790,56.627451,71742,47.022152,73667,36.241007,70332,42.972441,68198,47.577236,66603,38.67658,65184,49.947735,68809,53.082192,67498,43.772727,68464,41.445545,71220,34.156028,72006,36.666667,74241,39.078864,76329,38.29765,82171,56.217391,95185,48.143552,91138,39.648456,91741,45.735981,90355,58.398113,122053
68.275862,78052,86.693069,81954,62.297872,81829,59.959596,78123,61.304348,78367,76.588235,77569,65.298913,73289,48.38,73327,50.93617,73291,47.091837,70141,50.52862,72075,43.288538,68669,44.046693,66574,46.771654,65127,38.356164,63560,42.307692,67253,35.406897,65967,39.362007,67041,31.085526,69878,29.187279,70703,30.311419,72858,27.301676,74987,48.19898,80579,41.105991,93277,59.175676,89310,39.720554,89757,44.6,88541
75.927481,75017,53.086957,76056,54.889655,79692,77.141538,80264,54.317241,77001,62.369501,77190,56.241573,76492,56.372024,73755,41.487805,73726,41.426621,71700,46.770115,68633,51.863118,70529,36.771429,67127,43.496503,65205,39.763485,63618,39.047431,62264,35.330961,65890,42.443662,64673,37.136842,65496,42.400621,68535,44.59661,69381,38.818462,71389,31.655589,73442,42.510526,78890,48.923077,91268,46.062992,87469,35.130435,87876
51.378277,72689,55.952941,73730,71.71246,74632,59.142857,78877,50.598662,79347,57.660377,76042,67.711599,76534,59.018868,76628,39.02027,73423,50.127208,71771,32.897338,69785,44.923077,66874,53.097561,68572,45.503425,65283,37.578947,63404,36.86747,61979,27.872881,60630,33.318898,64178,34.00738,63309,35.451957,63962,37.249211,67062,35.850694,67715,40.921053,69674,37.261146,71726,38.714734,76963,50.377049,89102,49.225058,85358
36.864865,69736,56.792453,70900,47.907895,71854,49.968051,73204,68.831361,77186,54.654206,77697,55.654206,74529,60.516035,75301,55.857143,75192,48.086022,71400,38.460568,69705,35.755102,67707,32.93617,64800,48.411552,66553,24.621277,63079,43.733333,61296,41.679389,59847,26.92126,58588,37.714286,62259,33.981413,61892,33.419795,62521,39.923077,65518,35.150376,66263,33.685121,68064,25.483871,70041,35.443038,75228,40.516667,86984
66.067416,66903,59.707407,67356,56.603239,68234,55.984436,69398,56.057878,70475,53.75,74243,55.2,74513,50.680851,71737,49.762376,72637,50.066007,73083,32.026144,69425,53.776978,67849,39.782101,66109,35.733333,63396,51.467681,65102,33.756863,62003,36.410256,60264,29.321888,59065,32.05283,57413,29.902724,60628,39.410526,60291,32.899598,60837,23.522727,63793,27.916981,64401,32.296167,66155,31.908425,68062,45.671642,73211
41.131222,64782,55.91635,64833,51.799228,65048,59.783394,66130,51.64751,67046,51.888112,68004,40.590604,71439,46.603774,71928,45.12,69755,54.642424,70121,54.465278,70724,42.285714,67240,50.159236,65617,33.676259,64049,39.122951,61233,33.061224,62987,31.631799,60009,33.188235,58316,39.557377,57196,32.116,55889,38.790323,58945,25.754717,58700,36.737201,59149,38.044355,62073,16.508834,62680,34.042105,64330,29.935484,66224
42.319502,62972,43.685714,64150,33.65368,63790,43.405405,63954,54.831325,64601,45.863118,65185,59.463415,65657,43.856678,68985,61.705686,68826,53.028269,67215,31.609756,67671,36.558704,68387,59.051903,64980,35.764706,63453,40.760684,61824,30.333333,59444,33.969231,61090,37.041667,58372,25.345794,56597,25.970874,55397,46.062992,54175,23.69434,57149,20.421941,56824,22.762376,57193,30.912548,59965,24.817021,60614,28.422642,62235
49.991111,59606,50.631579,60305,33.96,61324,42.053097,61317,51.643192,61408,51.728033,62155,41.148148,62643,39.934783,63462,37.586081,66504,50.003378,66104,38.935361,64634,36.833977,65086,31.748954,65775,54.20979,62269,44.401747,60993,45.466667,59386,34.601626,57149,42.308511,58844,35.050193,56268,24.582996,54714,25.236052,53619,24.305677,52387,23.98062,55383,35.551181,54976,37.372881,55299,38.202166,57980,27.732558,58677
40.105263,53698,44.393782,55836,42.558376,56622,45.45,57860,46.931818,58032,32.77512,58262,34.503937,59262,38.107884,60419,36.818182,62131,31.578947,63506,36.612245,63010,40.428571,61704,40.5,61958,50.469636,62800,26.923077,59297,40.716157,58137,41.156682,56664,22.826087,54545,31.695652,56104,27.044643,54254,20.788177,52740,26.605505,51701,28.951456,50583,18.861244,53366,30.394231,53092,20.704846,53366,24.811594,55955
19.444444,50028,44.518868,51057,42.883249,52787,39.346734,53337,41.450777,54369,38.115942,54164,25.945946,54242,29.150215,55226,33.684729,55274,38.032787,59086,36.950893,60439,36.327869,60129,32.948357,58844,36.518382,59195,37.929515,60156,27.047414,56929,17.391304,55790,29.321888,54525,25.592417,52629,22.754902,53679,26.90099,51939,21.57377,50483,14.287179,49578,32.797101,48438,17.572115,51079,19.173913,50690,28.343284,51116
41.748503,46072,31.74269,46924,35.692308,47803,27.305389,49508,32.309942,50130,36.178218,50966,46.347368,50890,35.567568,51225,35.891089,52664,28.111111,52375,35.1,56005,22.153846,57377,32.470085,56827,34.668182,55784,32.941748,56087,31.518325,57143,28.045685,54038,26.456311,52971,26.449275,51842,26.616915,50014,36.334746,51064,23.483146,49436,20.010638,48065,23.56213,47248,29.640884,46139,22.956522,48485,21.222222,48279
31.416,43646,26.027586,44193,28.187919,44778,37.165644,45518,26.455696,47021,38.519802,47340,26.432749,48072,33.038674,48095,33.428571,47926,24.532967,49740,43.5,49337,24.561404,52956,24.268041,54342,41.8125,53668,34.213483,52958,40.235294,53197,32.038835,54427,23.480769,51463,20.617021,50449,28.255102,49190,24.269939,47558,18.454545,48511,16.847682,47051,18.192982,45642,19.229814,44835,14.761905,43808,22.383234,46008
26.793893,39917,36.96,40474,33.774648,40870,27.894737,41429,34.290541,42156,35,43384,26.585366,43744,29.560976,44576,33.108108,44410,35.202532,44446,37.60452,46136,30,45783,19.615385,49139,20.809249,50656,28.84153,50002,25.844086,49380,29.25,49619,26.923077,50856,23.27027,48228,20.47619,47462,28.607143,46373,22.043478,44821,7.567568,45877,19.626506,44333,16.685714,43098,22.423729,42257,17.819277,41383