Title: F colon NHB,,,,,,,,,,,,,,,,,,,,,,,,,,,,,,,,,,,,,,,,,,,,,,,,,,,,,
Description: Created 07-Sep-2022 11:13:16 ,,,,,,,,,,,,,,,,,,,,,,,,,,,,,,,,,,,,,,,,,,,,,,,,,,,,,
Start Year: 1992,,,,,,,,,,,,,,,,,,,,,,,,,,,,,,,,,,,,,,,,,,,,,,,,,,,,,
Start Age: 35,,,,,,,,,,,,,,,,,,,,,,,,,,,,,,,,,,,,,,,,,,,,,,,,,,,,,
Interval (Years): 1,,,,,,,,,,,,,,,,,,,,,,,,,,,,,,,,,,,,,,,,,,,,,,,,,,,,,
1,37546,0,37243,1,38081,4,38925,1,38850,1,39760,1,39454,1,39825,2,39236,1,36556,0,35288,2,34866,1,35275,0,38564,2,38234,1,35970,2,34463,0,33005,1,33065,2,31419,0,32601,2,32902,1,33973,1,36169,5,34634,2,35036,3,34790
2,34564,4,36212,1,35735,3,36491,0,37372,3,37352,0,38166,3,37719,0,38144,2,39119,5,36355,1,34835,3,34463,1,34724,1,38122,2,37540,2,35266,1,33708,2,32329,1,33133,0,31478,0,32642,2,32972,4,34139,4,36173,1,34638,6,35019
1,34401,1,35003,3,36432,4,35858,2,36705,1,37503,3,37361,7,37958,2,37424,1,37918,3,38805,2,35911,0,34391,2,34151,1,34466,2,37786,0,37152,0,34848,2,33375,3,32315,0,33194,3,31504,1,32585,0,33076,2,34083,1,36227,5,34617
6,30896,0,32458,2,33098,3,34703,4,34517,1,35539,3,36436,4,36490,3,37021,1,37188,4,37627,2,38413,2,35577,1,34194,1,34091,2,34209,3,37464,2,36887,3,34670,0,33382,1,32407,3,33227,3,31570,4,32703,2,33266,5,34189,4,36172
5,32933,2,34032,3,35217,1,35562,1,36942,3,36292,3,36834,5,37256,6,36833,3,36686,2,36831,3,37196,1,37848,5,35241,4,33919,3,33776,5,33872,3,37042,4,36547,8,34657,5,33342,4,32433,3,33214,2,31689,4,32762,4,33176,7,34148
4,31597,3,32088,4,33411,3,35003,3,35746,1,37584,3,37256,2,38220,3,38365,5,36695,3,36559,1,36777,3,37061,3,37876,4,35381,4,34177,3,33747,5,33993,3,36930,4,36511,2,34709,3,33342,3,32348,6,33258,2,31623,4,32724,3,33103
1,29302,3,29874,6,30185,6,31348,0,32762,2,33405,2,34968,5,34557,5,35784,2,38294,4,36526,5,36227,4,36487,4,36827,2,37930,2,35281,3,34140,4,33565,3,33791,6,36710,4,36398,2,34514,5,33211,1,32244,6,33190,4,31601,2,32584
6,29305,4,29148,5,29765,2,30159,0,31417,3,32948,4,33650,5,35277,3,34853,3,35477,4,37832,3,36058,4,35849,5,36025,4,36537,7,37403,2,34853,2,33555,9,33296,3,33692,2,36639,2,36306,4,34321,7,33081,6,32169,5,33108,1,31464
4,27634,4,28962,9,28766,2,29411,5,29864,2,31151,8,32656,3,33351,3,34800,5,34692,6,35334,4,37727,7,35871,3,35811,2,36226,2,36684,6,37607,7,35067,8,33400,6,33211,4,33628,7,36628,9,36211,10,34275,3,33066,3,32058,4,33015
7,26789,6,27852,2,29072,7,28838,4,29521,5,29930,4,31135,3,32616,10,33212,12,34616,2,34221,7,34728,5,37045,4,35039,7,35197,14,35433,5,35770,13,36578,7,34261,5,33131,4,33028,5,33318,8,36337,8,35999,5,34043,8,32840,13,31632
4,25608,7,26404,4,27585,6,29045,6,29050,1,30005,7,30617,5,32066,6,33191,8,32895,9,34275,2,33900,6,34266,4,36663,3,34744,6,34901,4,35156,8,35341,6,35965,8,34321,6,33103,3,33086,6,33399,4,36352,11,35968,9,34064,6,32826
7,19075,6,24273,12,25065,8,26179,6,27631,6,27676,5,28643,8,29235,7,30890,3,32930,14,32609,5,33993,11,33603,10,34099,7,36667,7,34674,7,34710,16,35187,10,35402,9,35828,9,34167,9,32932,6,32901,10,33203,13,36284,11,35695,6,33875
5,20648,6,19718,9,25041,5,25809,3,26948,6,28384,5,28364,9,29355,3,29663,11,30608,6,32711,7,32353,5,33624,9,33319,10,34030,5,36464,7,34530,7,34567,6,34819,6,35265,10,35691,1,33858,11,32872,10,32798,11,33044,11,36137,8,35483
3,18200,7,18787,3,18168,6,23282,4,24316,6,25699,9,27366,8,27671,7,28835,12,29471,8,30333,8,32452,8,32109,6,33411,3,33405,9,33929,8,36376,12,34615,20,34583,8,34709,9,35128,8,35561,9,33785,10,32818,8,32659,12,32868,13,35989
5,20136,5,20321,7,20795,9,19810,6,25208,15,26005,10,27212,12,28647,6,28686,8,28561,9,29204,16,30041,6,32113,11,31880,11,33174,12,33176,8,33592,18,36100,8,34525,17,34470,6,34601,12,34936,9,35350,14,33684,12,32584,10,32376,9,32571
5,18436,11,19317,4,19796,8,20405,10,19775,12,25470,10,26606,12,28105,13,29152,10,28407,14,28220,20,28853,13,29587,17,31662,13,31497,17,32595,20,32599,22,33037,18,35229,21,34567,17,34469,14,34369,14,34864,13,35332,20,33613,10,32426,16,32233
5,16163,4,17480,9,18306,8,18669,6,19354,4,18713,8,24110,6,25023,11,26769,10,28992,13,28326,15,28125,14,28817,13,29680,15,32064,14,31874,13,33145,19,33238,7,33690,11,34870,18,34404,16,34145,14,34109,24,34604,12,34956,13,33353,15,32120
6,15896,13,16078,7,17494,12,18369,6,18892,8,19676,9,19151,13,24677,15,25451,13,26533,19,28612,11,27827,13,27645,10,28337,11,29156,21,31342,12,31195,15,32360,19,32438,16,33438,10,34567,10,34004,12,33930,11,33909,16,34402,12,34684,15,33110
3,15462,8,16088,6,16243,9,17575,7,18408,8,18883,10,19562,11,18903,12,24107,11,25301,13,26373,4,28512,18,27715,14,27673,22,28532,17,29328,20,31557,15,31622,18,32568,22,32267,15,33150,14,34375,11,33810,15,33756,23,33703,10,34105,16,34435
16,15696,14,15807,14,16489,16,16614,7,18039,11,18859,11,19344,8,19989,7,19347,18,23878,13,25055,15,26073,25,28128,18,27279,21,27321,18,28155,14,28742,16,31040,15,31173,12,32327,18,32102,18,32986,15,34154,16,33672,21,33538,13,33583,9,33936
12,14569,16,15428,12,15557,5,16208,11,16379,18,17754,11,18599,6,19003,19,19559,12,19160,14,23677,21,24752,19,25741,15,27801,22,27076,13,27125,19,27943,18,28612,18,30725,17,31020,18,32054,17,31856,16,32841,14,33998,17,33491,15,33299,10,33321
11,14152,11,14065,12,14880,7,14973,8,15642,8,15755,10,17095,21,17844,16,18195,8,19358,12,18945,19,23461,18,24419,22,25343,20,27583,20,26713,20,26857,17,27757,10,28603,19,30369,15,30692,17,31727,20,31505,9,32451,14,33603,13,33066,11,32882
7,14111,8,14093,8,14058,11,14912,10,15057,13,15777,14,15975,8,17328,14,18051,8,18020,14,19155,9,18737,15,23149,22,24103,24,25069,12,27179,10,26329,17,26585,13,27353,17,28329,21,30086,21,30443,19,31506,14,31246,12,32050,21,33263,8,32712
6,11680,9,12511,11,12591,10,12662,12,13565,14,13767,15,14557,9,14796,7,16134,22,17827,17,17807,19,18983,10,18467,13,22841,10,24010,19,24863,18,27038,11,26328,15,26361,18,27067,14,28085,17,29660,18,30229,17,31154,15,30922,15,31813,16,32921
17,12946,15,12522,7,13322,6,13378,12,13399,13,14268,17,14410,18,15109,10,15194,13,15935,11,17620,13,17570,23,18726,18,18172,17,22664,21,23717,19,24370,18,26728,23,26230,18,26066,20,26680,12,27679,17,29317,15,29859,16,30801,17,30576,14,31355
17,12741,14,12979,12,12626,13,13543,14,13716,14,13841,15,14836,16,15064,26,15609,11,14925,10,15691,15,17275,17,17125,14,18277,12,17699,17,21979,11,22825,15,23508,29,25673,15,25916,15,25823,16,26427,17,27440,17,29063,11,29498,20,30500,17,30260
11,12194,14,11964,19,12112,10,11746,19,12582,9,12651,12,12733,13,13600,15,13791,14,15388,15,14768,24,15522,16,17198,18,17068,12,18326,18,17822,15,22097,25,23204,21,23896,16,25336,15,25586,24,25468,20,26068,25,27074,15,28655,15,29142,24,30080
14,12423,16,12370,15,12135,14,12199,14,11816,9,12645,14,12688,17,12729,9,13481,18,13611,19,15221,12,14620,18,15318,28,17051,19,16912,21,18210,19,17669,24,22087,17,22983,19,23592,21,25037,13,25202,13,25152,29,25663,24,26689,20,28204,20,28714
14,11893,12,12004,16,12022,6,11863,13,11981,12,11709,18,12578,17,12697,22,12721,16,13228,16,13373,24,14917,16,14270,22,14972,19,16817,18,16614,15,17734,20,17414,26,21636,24,22617,20,23283,16,24743,24,24854,20,24842,20,25290,22,26193,24,27772
18,12505,13,12332,13,12393,15,12377,10,12124,20,12229,22,11857,14,12694,21,12580,12,12464,14,12914,21,13097,16,14440,20,13831,14,14549,15,16284,21,16016,21,17275,18,17054,23,21253,23,22291,27,22893,21,24460,21,24464,24,24435,17,24839,15,25808
13,12670,20,12676,15,12518,19,12621,13,12660,18,12531,14,12598,18,12230,21,12916,22,12369,22,12210,22,12753,16,12930,16,14350,29,13750,24,14478,26,16183,20,16113,20,17107,19,16814,14,20975,24,21923,19,22648,31,24167,20,24148,13,24111,27,24398
12,11718,12,11697,21,11832,18,11767,14,11893,22,11911,27,11822,13,11985,15,11724,16,12720,26,12169,19,12026,18,12514,21,12662,14,14126,15,13594,17,14195,14,16054,19,15982,16,16827,19,16519,27,20670,21,21600,16,22206,22,23756,24,23689,19,23633
17,11362,16,11699,19,11637,13,11671,17,11545,18,11603,17,11674,20,11623,19,11397,16,11464,17,12383,20,11875,19,11697,25,12187,29,12326,11,13770,20,13284,17,13913,26,15604,21,15664,21,16502,15,16207,18,20258,26,21188,24,21697,18,23219,13,23131
18,10219,19,10099,6,10262,26,10229,17,10281,22,10170,23,10179,23,10260,18,10673,19,11159,18,11286,9,12214,18,11740,18,11527,18,12107,12,12295,17,13699,13,13343,18,13942,22,15391,19,15413,14,16205,22,15939,20,19929,20,20847,19,21288,13,22807
26,10243,20,10138,22,10045,20,10372,18,10353,28,10324,13,10233,19,10337,22,10171,11,10372,18,10826,21,10991,23,11832,12,11335,17,11170,20,11702,18,11769,23,13187,24,12959,9,13678,18,15125,14,15151,14,15854,15,15625,25,19488,32,20412,24,20833
22,10565,20,10231,29,10223,26,10163,18,10395,21,10436,19,10560,23,10562,12,10639,21,9922,20,10129,20,10553,17,10691,25,11494,15,11027,20,10798,20,11295,22,11528,14,12650,19,12658,20,13390,18,14762,18,14773,18,15471,14,15229,13,19018,19,19928
16,9507,12,9700,17,9344,20,9335,21,9198,19,9510,22,9543,26,9704,13,9760,13,10518,21,9766,23,9987,16,10415,14,10506,18,11332,21,10866,14,10575,10,11204,14,11356,13,12437,26,12426,11,13154,16,14449,12,14519,20,15184,15,14965,29,18653
25,9060,15,9219,22,9359,15,9088,26,9154,22,9056,25,9304,27,9501,28,9534,15,9503,14,10305,19,9587,17,9729,20,10143,26,10270,18,11074,19,10531,18,10432,20,10915,12,11095,19,12166,19,12109,20,12817,12,14089,27,14208,14,14770,21,14575
24,8295,23,8673,33,8809,17,9008,29,8769,23,8791,19,8724,16,9081,14,9376,21,9263,26,9237,16,10045,23,9309,21,9526,18,9882,21,10023,19,10728,24,10375,18,10172,16,10661,17,10911,15,11911,10,11830,13,12526,15,13764,14,13880,16,14456
11,8011,23,8208,23,8693,16,8877,20,9097,21,8834,17,8935,16,8960,28,9107,19,9171,19,9007,22,8950,20,9716,18,8959,24,9175,23,9356,16,9491,18,10246,15,9951,23,9887,14,10399,28,10628,22,11549,19,11496,11,12159,28,13380,15,13530
25,7689,19,7950,24,8198,13,8693,14,8888,24,9117,24,8899,27,9073,26,9104,24,8712,25,8789,19,8536,22,8571,23,9219,13,8505,24,8648,15,8782,19,9108,19,9677,20,9715,16,9657,14,10157,17,10374,13,11274,18,11148,9,11832,14,13048
11,6723,9,7008,19,7207,21,7451,23,7937,14,8051,24,8312,22,8135,18,8385,24,8836,26,8440,25,8507,19,8289,14,8324,20,9003,16,8329,24,8464,15,8839,19,8912,15,9311,18,9427,14,9373,23,9877,18,10072,11,10856,15,10815,13,11472
17,6800,16,6679,22,6920,19,7093,15,7296,27,7757,21,7843,23,8130,18,7890,22,7982,25,8465,17,8014,17,8140,21,7842,17,7922,12,8563,27,7888,14,8144,19,8437,17,8589,12,9041,18,9114,11,9052,8,9579,15,9791,17,10485,18,10467
17,6666,24,6688,12,6440,14,6649,21,6693,11,6821,14,7171,16,7202,22,7450,31,7497,13,7584,20,7977,17,7528,16,7699,17,7389,18,7433,17,8003,21,7513,11,7654,17,8166,10,8293,19,8710,16,8811,7,8740,18,9247,13,9404,7,10131
23,6564,15,6252,20,6231,18,6017,24,6168,23,6187,23,6271,20,6608,20,6665,22,7052,14,7071,23,7222,19,7583,25,7162,28,7312,19,7044,26,7056,22,7833,22,7230,16,7320,19,7827,16,7952,18,8387,9,8441,12,8413,3,8898,6,9046
12,5114,20,5990,15,5826,15,5957,12,5928,16,6221,26,6401,25,6651,23,6879,18,6244,19,6598,20,6633,23,6767,11,7100,20,6680,15,6845,12,6517,21,6674,17,7241,9,6964,14,7082,12,7535,10,7639,8,8105,21,8188,16,8095,17,8539
13,4631,13,4536,12,5212,13,5009,19,5091,18,5006,6,5211,12,5307,20,5525,22,6513,24,5935,15,6286,24,6321,16,6442,21,6807,23,6466,15,6516,18,6442,4,6480,7,6901,13,6653,17,6763,18,7214,15,7318,15,7751,19,7892,11,7806
14,4212,13,4396,14,4335,20,5029,14,4869,14,4955,16,4905,17,5129,25,5309,15,5179,22,6138,11,5594,13,5847,9,5833,24,6001,14,6407,14,5975,13,6231,17,6084,13,6205,15,6581,9,6342,13,6469,12,6881,16,6982,15,7381,17,7509
17,3617,16,3987,17,4151,18,4062,18,4690,14,4464,23,4516,16,4439,25,4567,17,4871,17,4775,15,5717,13,5181,18,5417,21,5408,15,5568,11,5984,15,5682,10,5778,9,5750,19,5877,11,6234,9,6046,13,6088,10,6543,13,6608,17,6971
9,3435,12,3409,14,3761,13,3900,11,3775,15,4351,10,4080,14,4110,17,3995,16,4163,11,4487,11,4360,17,5249,21,4746,15,5016,18,4968,18,5090,17,5603,15,5417,10,5503,8,5468,8,5612,6,5914,12,5743,13,5768,16,6219,8,6289