Title: F colon NHW,,,,,,,,,,,,,,,,,,,,,,,,,,,,,,,,,,,,,,,,,,,,,,,,,,,,,
Description: Created 07-Sep-2022 11:13:16 ,,,,,,,,,,,,,,,,,,,,,,,,,,,,,,,,,,,,,,,,,,,,,,,,,,,,,
Start Year: 1992,,,,,,,,,,,,,,,,,,,,,,,,,,,,,,,,,,,,,,,,,,,,,,,,,,,,,
Start Age: 35,,,,,,,,,,,,,,,,,,,,,,,,,,,,,,,,,,,,,,,,,,,,,,,,,,,,,
Interval (Years): 1,,,,,,,,,,,,,,,,,,,,,,,,,,,,,,,,,,,,,,,,,,,,,,,,,,,,,
7,206567,4,204652,5,201617,3,201755,9,198597,10,197507,4,190237,9,184380,2,173820,3,158820,11,153759,4,150530,3,153009,6,161435,5,151984,7,137952,8,128237,6,124464,6,129045,6,124730,7,129642,4,131447,7,134281,9,142299,5,141315,9,143056,12,141995
4,195096,3,201324,7,199085,5,196159,2,196394,4,193706,6,192379,5,184704,6,179437,5,172334,8,157145,9,152200,4,148843,1,151455,5,159945,7,150394,8,136866,7,127462,2,124161,7,129001,6,124726,5,129346,10,131147,8,133952,8,141780,12,140540,8,142081
5,195557,4,194700,6,200209,9,197737,7,194489,5,194884,7,191666,11,189360,6,181923,3,178112,4,170550,4,155293,4,150550,7,147529,6,150057,6,158294,9,148963,7,135546,3,126367,6,124040,8,128898,5,124470,8,129117,6,130952,10,133721,11,141047,10,139789
8,184514,14,186849,8,186693,4,193047,9,191614,10,189827,6,191069,4,188262,6,185807,7,180461,10,176237,7,168895,6,153885,9,149321,9,146378,7,148737,15,157308,6,148058,5,134799,6,126204,8,123783,7,128682,9,124025,3,128670,11,130429,12,133033,17,140035
13,194899,14,197248,12,197498,11,195613,7,200346,14,197461,8,193668,11,192387,5,189249,10,184223,12,178762,9,174576,8,167381,6,152484,10,148193,9,145133,7,147712,10,156260,13,148030,5,134589,6,126227,11,123647,8,128432,10,123732,15,128440,8,130051,16,132541
6,188763,10,190269,13,193195,9,194563,11,193770,12,200020,13,198211,13,194836,12,192529,11,187507,9,182283,14,176810,7,173025,15,165963,16,151338,10,147086,12,144125,11,146837,21,154069,8,147815,12,134502,8,125981,11,123310,15,128127,12,123446,14,128111,7,129362
11,175913,5,182575,18,183156,13,185688,12,186636,9,185878,10,191326,15,188481,13,186623,23,191455,10,186311,14,181265,8,176235,12,172887,10,166046,14,151620,11,147351,14,144766,10,147806,13,153496,10,147306,10,134035,10,125188,11,122644,19,127510,13,122656,11,126991
13,176436,15,175497,12,182101,10,183107,11,186101,14,187808,19,187297,11,192507,12,189817,16,185146,16,189533,16,184533,18,179345,17,174392,22,171113,17,164291,14,149987,11,146008,18,143481,17,147474,14,153349,16,146913,14,133768,12,124817,19,122218,9,126941,10,121933
16,172347,18,173057,16,171993,11,178828,13,180163,9,183826,14,185718,17,184921,16,189952,14,188574,16,183797,15,188323,20,183635,19,178718,26,174053,8,170743,19,164021,12,149954,17,146042,13,143301,18,147325,23,152972,24,146513,17,133216,19,124503,10,121625,25,126028
14,179474,15,175951,19,175662,15,174080,14,180477,12,181724,16,184689,16,185395,18,184530,20,188510,21,186342,21,181901,17,186009,21,181404,28,176386,26,171761,20,168397,20,161631,12,148470,20,145792,23,143116,14,146652,23,152449,21,145842,18,132857,28,124081,13,120936
16,194836,17,174931,15,172012,14,172673,15,172090,21,179839,27,182039,16,185467,22,185786,17,182937,22,186626,18,184293,21,179728,25,183727,26,178933,15,174032,20,169252,26,165854,21,159396,27,147980,26,145491,23,142687,22,146084,21,151618,16,145164,24,131985,24,123231
11,133459,21,188131,18,168589,20,166140,20,167124,25,167277,19,174948,35,176822,22,181031,30,184473,25,181490,33,185492,31,183275,24,178813,24,183317,22,178516,22,174006,24,169379,25,166264,20,159020,20,147679,15,144989,22,142339,19,145634,21,151011,29,144593,28,131172
21,138952,21,133069,18,187323,25,168111,21,166003,23,167782,26,168080,37,175469,18,177461,28,179622,24,183045,25,180379,33,184513,36,182542,28,178254,30,182974,18,178353,28,174044,29,169451,21,165726,24,158744,20,147251,32,144284,33,141676,32,144940,33,150116,31,143705
20,134265,26,133094,16,127640,30,180687,26,163015,32,162240,17,164612,17,165175,17,172350,33,175981,29,177858,33,181393,25,178686,31,182781,26,181236,40,176925,23,181459,26,177028,28,172702,30,168927,34,165396,22,158047,32,146526,26,143743,22,141031,27,144105,31,149162
28,152333,21,141878,22,139471,17,133260,23,187798,35,169129,32,167409,32,168559,19,169059,40,170895,35,174329,22,176305,36,180220,38,177469,41,181958,26,180527,29,176482,35,181057,26,177191,37,171734,41,168286,34,164411,28,157093,23,145601,40,142687,34,139782,27,142860
22,128451,16,149403,27,139445,27,137979,23,132683,39,188475,37,170573,34,169104,43,168529,33,167312,38,168843,39,172254,49,174161,45,177755,50,175229,60,179678,67,178248,45,174288,44,178270,46,176603,65,171304,49,167552,68,163364,53,156101,49,144660,54,141824,59,138657
29,116869,28,122591,30,142448,26,133168,32,132015,36,127288,46,181121,32,163309,46,163267,35,167084,46,165840,47,167682,50,171448,45,173585,53,177657,45,175494,53,180355,51,179068,36,175431,55,177684,40,175969,62,170572,55,166612,51,162551,43,155321,48,143734,42,140720
18,111597,21,116277,26,122012,34,142289,32,133424,35,132768,34,128397,34,182465,40,165548,40,161589,42,165094,36,163750,45,165711,44,169175,38,171614,44,175641,44,173402,52,178390,45,177355,40,174596,41,177076,44,174839,64,169432,54,165388,42,161285,40,154147,47,142444
39,110897,37,111293,28,115539,29,121201,43,141287,33,132514,38,131782,35,126735,62,178196,55,163565,44,159613,36,163197,44,162016,58,163970,40,167919,55,170347,49,174624,48,172474,37,177398,41,176794,43,173858,40,175989,67,173786,49,168403,49,164311,41,159956,33,152781
42,110120,37,111606,34,112001,41,116645,30,122817,44,143818,32,135262,24,134425,47,130892,63,176282,45,161629,53,158025,50,162154,49,161272,46,163873,45,168083,55,171190,63,175588,57,173233,46,176355,42,175779,49,172749,42,174824,57,172654,52,167230,46,162902,33,158547
50,101577,50,106543,40,107888,48,108489,46,113206,38,119615,49,140205,42,131610,38,129683,49,129327,56,173717,75,158992,45,155604,48,159461,47,158626,45,161339,59,165263,54,168393,49,172937,38,172231,48,175342,60,174507,47,171431,59,173444,41,171062,38,165570,43,161075
41,101830,39,101620,45,105890,41,106808,56,106963,40,111430,38,117106,42,136459,51,128560,51,127789,52,127733,59,171872,49,157423,56,154383,42,158742,51,158154,59,161160,64,165655,60,168709,50,171959,45,171175,62,174140,47,173054,48,169990,48,171961,53,169300,49,163641
49,103461,52,100684,44,100219,59,104539,52,105441,50,105811,49,110104,56,115498,61,133554,45,126739,51,125999,56,125852,74,169455,60,154934,53,152207,53,156585,63,156165,54,159178,55,163889,49,167578,49,170783,52,169555,67,172415,60,171179,50,167914,53,169799,54,166944
43,91876,48,97541,46,95232,51,95436,55,100136,61,101795,50,102654,51,107286,49,114203,67,131585,45,124811,53,124274,57,124183,65,167497,65,153412,53,151122,56,155650,54,155699,52,158699,47,162635,59,166449,52,169490,62,168153,54,170778,57,169405,64,166219,55,167854
66,95529,49,94155,64,99168,50,96330,47,96034,66,100412,64,101353,55,101487,50,104779,44,112332,67,129407,55,122526,57,122061,57,122038,77,164958,67,150752,73,148968,68,153730,63,154054,58,157322,69,161302,50,164889,62,167696,68,166293,52,168786,37,167223,57,164030
62,97132,63,93816,52,92690,59,98100,67,95742,62,96041,64,100785,54,102027,71,102119,56,102863,61,110131,70,126916,66,120059,68,119679,55,119579,69,161829,64,147877,66,146141,58,150223,51,152679,64,156091,53,159612,71,162829,65,165887,62,164203,67,166663,69,164818
85,99003,79,92813,63,89229,66,88137,66,93272,58,90961,85,91081,72,95261,67,96425,65,100401,64,101202,59,108520,66,125327,58,118680,67,118938,71,119154,69,161655,78,148026,68,146843,52,148769,79,151062,52,154206,62,157885,77,160635,52,163778,57,161790,57,163805
65,99112,78,97554,74,91285,76,87949,64,87086,75,92265,64,90062,75,90086,62,94327,80,94676,71,98433,67,99511,64,106768,67,123385,53,117107,63,117782,56,118070,61,160881,77,147368,77,145509,48,147338,55,149596,66,152427,70,156244,68,158623,69,161630,53,159376
84,99962,77,98692,91,96932,76,90805,62,87614,68,86784,80,91998,66,89564,96,89260,64,92444,68,92839,67,96472,76,97193,86,104311,89,120666,65,114370,74,115026,58,115431,80,157500,66,145684,65,143761,70,145488,69,147482,73,150297,67,153727,56,156143,72,158838
109,104654,98,99755,95,97850,74,95890,68,89615,101,86148,101,85055,67,89592,66,86664,90,87571,78,90843,69,91241,60,94925,85,95697,79,103103,83,119596,75,113401,64,114134,53,114102,84,155119,75,143572,79,141237,78,142979,78,144793,75,147692,62,150475,63,152890
91,102464,105,101365,79,96492,99,95229,100,93632,79,87724,83,84270,80,82670,114,87517,86,85075,74,86113,86,89388,71,89703,81,93544,103,94149,81,101890,81,118543,79,112458,64,113093,78,112708,109,153256,94,141596,83,139297,72,140988,83,142808,77,145539,78,148159
120,100736,116,99427,94,99311,106,95033,96,93611,90,91732,96,86112,98,83240,87,81124,100,85824,93,83597,94,84625,86,87767,94,88154,75,91715,74,92688,101,100592,68,117286,82,111189,70,111418,57,110920,108,150848,81,139123,82,136666,84,138483,91,140070,82,142690
122,103501,129,99419,108,98066,136,97287,102,92953,111,91616,110,90144,105,85038,86,81925,96,79705,83,84181,70,82214,95,83085,97,85981,95,86452,92,90180,90,91149,86,99128,72,115126,78,109915,59,110094,65,109406,103,148569,75,137120,93,134741,79,136399,92,138054
124,99652,131,99071,134,94285,114,93236,107,93304,100,89122,112,87849,123,86524,101,82789,94,80352,90,78109,68,82524,100,80696,90,81668,96,84330,104,84951,83,88784,71,89773,66,97938,89,113285,72,108133,76,108212,72,107341,89,145756,79,134459,81,132053,80,133593
161,99807,139,99854,125,98966,141,94993,115,93755,112,92657,127,88190,127,86887,126,84613,108,81279,106,79022,115,76739,113,81145,93,79433,96,80166,97,83013,98,83718,87,87753,72,89153,91,96352,75,111544,89,106499,88,106443,77,105502,111,143112,83,131982,83,129584
161,100308,141,96212,127,96812,144,96468,142,92221,151,91146,120,91164,140,87462,114,86506,137,82689,114,79534,104,77311,110,75022,95,79340,113,77490,103,78356,105,81247,87,81904,76,85277,82,87676,85,94740,106,109626,95,104536,66,104513,70,103577,101,140143,78,129289
180,96812,175,97073,159,92704,176,92716,131,91898,124,87905,120,86378,136,86434,123,82862,133,84795,103,81146,127,78261,109,75976,109,74073,106,78234,115,76797,110,77778,89,80739,77,81416,93,83853,78,86254,72,93104,89,107796,81,102555,107,102704,72,101588,117,137524
139,89943,146,94488,142,94294,163,90160,136,90482,183,89593,173,84818,156,84678,123,84607,121,80936,165,82870,131,79179,109,76378,98,74253,112,72207,112,76460,112,75029,119,76109,100,79168,94,79884,101,82256,98,84697,103,91250,99,105592,95,100462,90,100439,66,99258
166,86376,176,87427,177,91756,173,92437,173,88785,167,88984,165,88254,179,85079,150,84955,125,82778,135,79148,133,81040,132,77320,121,74671,93,72459,118,70650,119,74848,78,73468,86,74257,85,77668,104,78408,86,80602,90,82981,86,89370,97,103389,87,98421,84,98349
162,83596,163,84679,174,85850,204,90831,155,91372,195,87698,199,88304,177,88350,169,84683,180,82694,163,80492,125,77098,130,78791,129,75202,127,72598,109,70621,110,68805,121,72916,84,71862,117,72516,110,76037,99,76522,111,78696,90,81034,73,87190,106,100975,86,96032
145,80474,171,81848,159,82979,166,84482,178,89102,174,89560,197,85945,194,86714,197,86517,166,82218,167,80223,151,77966,109,74618,131,76323,122,72640,114,70173,117,68124,107,66420,111,70630,99,70248,105,70809,70,74263,88,74839,92,76807,82,79121,93,85211,102,98618
182,76837,191,77462,147,78523,171,79849,179,81134,205,85459,166,85711,168,82562,181,83557,175,83993,172,79845,167,78103,132,76047,142,72936,123,74707,132,71468,131,69007,114,67251,91,65188,108,68791,99,68415,98,68862,91,72329,90,72736,91,74583,80,76913,101,82897
180,74157,173,74345,185,74679,178,75906,180,77020,185,78100,203,82073,183,82562,210,80127,189,80618,183,81155,184,77274,163,75463,144,73556,130,70323,147,72200,149,69047,122,66641,112,65066,91,63432,114,66892,88,66586,92,66911,102,70321,98,70789,97,72491,82,74788
202,71852,179,73360,174,73065,182,73286,180,74075,185,74744,186,75312,212,79135,188,78914,189,77106,181,77719,198,78362,171,74607,137,72947,170,70957,137,68156,158,70026,125,67093,121,64645,109,63011,107,61424,97,64802,102,64427,100,64633,80,67919,77,68436,95,70000
182,67876,177,68780,177,70072,170,70085,205,70282,175,71084,194,71654,172,72593,194,76089,202,75823,185,74161,192,74736,171,75381,128,71562,140,70168,142,68311,137,65702,140,67554,117,64679,98,62499,91,60992,94,59445,108,62785,106,62323,92,62492,97,65656,92,66160
191,60836,189,63340,193,64273,152,65845,177,66167,203,66496,205,67659,193,68953,178,70883,189,72621,213,72245,181,70739,180,71105,173,71869,151,68015,141,66864,137,65092,119,62555,122,64346,107,62319,111,60158,112,58742,91,57382,105,60385,99,60154,102,60251,78,63246
172,56722,154,57935,210,59989,156,60753,172,62074,177,61920,192,62090,182,63130,187,63175,183,67409,191,69153,192,68958,161,67453,172,67963,168,68850,141,65343,134,64219,176,62683,120,60374,128,61518,109,59600,125,57548,112,56274,98,54870,109,57810,98,57440,111,57674
168,52341,154,53401,183,54478,186,56592,175,57436,150,58532,202,58541,163,58932,191,60570,183,59827,190,63790,194,65619,182,65095,165,63860,160,64434,151,65322,152,61977,144,60911,115,59530,138,57348,132,58521,108,56712,98,54819,83,53580,104,52249,102,54878,128,54674
163,49456,164,50091,166,50803,185,51754,172,53559,188,53976,167,54895,149,54879,174,54692,172,57061,177,56183,150,60164,179,61991,174,61386,171,60514,162,61029,166,62076,144,58930,135,57929,133,56380,123,54439,118,55507,113,53921,112,52003,93,50831,85,49544,104,52086
142,45176,156,45861,117,46330,144,47072,175,47990,168,49463,191,49936,132,50901,164,50731,162,50719,163,52962,188,52115,138,55874,154,57743,177,57206,147,56422,149,56898,138,57964,134,55203,135,54417,112,53126,123,51225,113,52385,88,50770,94,49051,99,47818,91,46604