Title: M thyroid API,,,,,,,,,,,,,,,,,,,,,,,,,,,,,,,,,,,,,,,,,,,,,,,,,,,,,
Description: Created 07-Sep-2022 11:46:40 ,,,,,,,,,,,,,,,,,,,,,,,,,,,,,,,,,,,,,,,,,,,,,,,,,,,,,
Start Year: 1992,,,,,,,,,,,,,,,,,,,,,,,,,,,,,,,,,,,,,,,,,,,,,,,,,,,,,
Start Age: 35,,,,,,,,,,,,,,,,,,,,,,,,,,,,,,,,,,,,,,,,,,,,,,,,,,,,,
Interval (Years): 1,,,,,,,,,,,,,,,,,,,,,,,,,,,,,,,,,,,,,,,,,,,,,,,,,,,,,
1,29678,3,30700,0,31595,1,33357,1,33844,2,34181,0,36008,2,35963,0,36109,0,34506,2,33995,3,36015,2,37382,1,40975,2,40299,3,40486,3,40794,2,40766,1,40973,0,39638,2,40141,4,40522,1,42890,2,46528,4,46664,3,49974,1,51528
0,28096,0,29284,0,30146,0,31031,0,32814,1,33404,1,33641,3,35422,2,35640,3,36534,1,34623,2,33966,0,36016,0,37461,1,40985,2,40097,3,40657,2,40681,3,40470,3,41547,8,40419,4,40924,3,41284,7,43802,5,47373,4,47328,3,50244
0,28299,0,29442,0,30422,1,31194,1,32031,1,33793,3,34052,2,34235,1,35800,3,36011,2,36561,1,34563,1,33905,2,35990,3,37531,1,40886,2,40125,4,40472,3,40677,2,40960,0,42036,3,41109,3,41711,3,42153,3,44458,3,47894,3,47647
1,25306,0,27107,4,28221,1,29236,3,30128,2,31207,1,32897,3,33161,0,34303,1,35969,3,36115,2,36605,0,34564,1,34214,2,36271,1,37793,2,41308,3,40468,0,40901,5,41087,4,41448,10,42570,2,41565,2,42243,3,42752,4,44871,1,48048
0,27500,2,28488,0,29899,2,30601,0,31384,0,31947,2,32475,0,33592,1,32962,1,34593,1,36240,1,36105,1,36682,2,34889,0,34481,3,36507,5,37989,2,41434,1,40676,3,41146,3,41408,2,41827,3,42940,2,41962,4,42532,6,42856,1,44808
1,25695,1,27971,1,29014,0,30602,1,31669,0,32767,2,33381,3,33974,0,35313,0,33224,0,34693,4,36415,1,36395,1,37124,2,35323,1,35109,2,37194,5,38705,2,41862,6,40919,4,41537,5,41805,1,42140,2,43435,7,42507,3,42615,1,42974
1,25080,1,25447,1,27458,1,28331,0,29893,0,30865,2,31714,0,31988,2,32670,1,35495,1,33366,1,34701,2,36520,1,36470,2,37272,6,35449,2,35360,2,37309,3,38946,7,42099,1,41321,3,41960,7,42243,6,42646,5,43674,4,42700,7,42729
1,24141,2,25236,1,25640,2,27622,2,28669,1,30357,3,31374,0,32161,3,32815,1,32813,0,35542,0,33256,2,34620,0,36371,2,36318,1,36998,0,35203,4,34900,1,37064,4,39220,3,42513,3,41691,1,42170,4,42517,4,42786,6,43627,5,42537
2,23431,2,24735,0,25722,2,25871,2,27744,2,28722,1,30153,0,30777,2,31825,4,32873,0,32896,2,35552,2,33299,1,34726,1,36444,7,36401,5,37224,2,35255,1,34857,2,37307,4,39614,6,42814,3,41920,2,42513,4,42719,1,42891,10,43564
3,21321,2,22810,0,24268,4,25390,1,25785,0,27887,1,28991,3,30481,2,31249,5,32139,2,33087,0,33105,3,35829,1,33605,2,35156,1,36946,4,37031,3,37789,3,36031,5,35133,6,37646,4,39896,8,43092,6,42230,1,42837,3,42937,3,42964
0,20848,1,22247,1,23877,0,25517,0,26873,0,27408,1,29618,1,30704,0,31795,3,31374,2,32223,2,33134,0,33188,2,35906,1,33575,0,35219,4,37073,2,36987,4,37532,5,36282,2,35418,1,38053,8,40219,10,43403,4,42412,4,42954,3,42900
1,17521,1,20390,0,21712,2,23278,2,24790,0,26083,1,26412,2,28316,1,29763,3,32232,1,31747,4,32594,3,33669,4,33660,2,36477,3,34349,1,36024,4,37902,1,37901,3,37749,3,36492,3,35476,1,38125,5,40202,6,43301,8,42206,7,42608
3,18273,3,18911,2,21828,0,23284,1,24759,3,26310,1,27416,3,27487,1,28769,4,30013,2,32438,0,31827,3,32811,2,33841,0,33851,2,36701,1,34584,6,36216,4,38163,5,38180,4,38007,2,36720,8,35850,8,38428,5,40413,5,43468,5,42256
0,15740,3,17221,1,17959,0,20901,1,22454,1,23963,0,25561,5,26670,1,27760,0,29039,3,30190,1,32526,3,31871,2,32780,3,33890,4,33822,10,36572,2,34328,3,35815,1,38250,6,38287,3,38255,7,36918,5,35990,4,38605,1,40509,3,43443
1,16602,1,17805,1,19187,1,19792,0,22666,1,23914,2,25160,0,26337,1,26399,1,27932,2,29219,0,30342,1,32708,3,32029,3,32981,0,34199,3,34178,1,36850,3,34668,2,35831,5,38298,1,38338,8,38276,10,36910,1,35859,6,38383,6,40311
0,15317,2,16845,0,18318,0,19934,2,20711,1,24127,2,25760,2,27463,1,28787,3,26677,2,28044,0,29312,1,30406,1,32810,0,32164,3,32999,1,34253,5,34114,0,36693,3,34837,2,36038,4,38390,4,38422,6,38341,7,37003,3,35899,1,38324
0,14226,0,14922,0,16302,1,17764,1,19245,0,20201,3,23204,1,24852,2,26296,1,28964,0,26814,1,28306,3,29573,2,30642,2,33083,6,32508,6,33441,4,34719,4,34564,4,36780,1,34990,4,36216,2,38509,4,38565,4,38419,5,37132,5,35924
0,13462,1,14458,0,15059,0,16431,0,17919,2,19591,1,20337,3,23345,2,24747,3,26375,0,29013,1,26761,2,28282,2,29422,3,30517,3,32848,2,32346,2,33176,5,34581,2,34634,7,36783,3,35075,5,36243,4,38553,6,38585,4,38328,6,36993
0,13048,2,13915,1,14830,4,15429,0,16788,2,18441,0,19892,1,20605,4,23309,2,24959,2,26637,1,29297,2,27122,0,28609,2,29833,2,31023,3,33376,8,32873,5,33476,4,34602,4,34712,2,36845,4,35112,3,36240,5,38504,5,38460,3,38187
1,12901,1,13565,0,14223,2,15035,1,15507,1,16843,0,18159,0,19310,1,19804,1,23737,3,25319,1,26988,0,29738,5,27372,3,28937,0,30134,2,31310,2,33699,4,33067,3,33540,5,34689,3,34807,4,36793,2,35021,5,36205,1,38339,6,38157
3,12162,0,13106,3,13689,2,14380,1,15302,3,15857,1,17109,1,18416,2,19437,2,19925,0,23794,0,25265,2,26922,1,29510,2,27103,1,28566,3,29811,7,30844,2,33031,6,33002,1,33556,3,34663,4,34807,8,36725,5,35023,4,36105,4,38167
2,11455,1,11997,0,12859,4,13464,1,14268,1,15127,4,15749,1,16876,1,18217,4,19473,5,19955,1,23877,0,25312,3,26959,5,29559,0,27243,3,28674,3,29991,2,30914,5,32896,4,32823,3,33404,4,34480,2,34591,6,36488,4,34749,3,35813
2,11323,0,11903,1,12341,1,13224,0,13827,0,14625,1,15481,0,15892,2,16613,2,18132,2,19360,1,19846,4,23729,2,25127,2,26772,6,29375,1,27003,4,28520,3,29734,5,30891,7,32849,7,32743,1,33313,3,34415,5,34463,3,36419,3,34654
0,10102,1,10820,0,11398,0,11933,2,12965,3,13663,1,14561,1,15378,4,16238,2,16850,3,18385,1,19548,2,20009,4,23790,5,25138,1,26711,1,29330,2,26889,4,28208,2,29575,6,30745,7,32656,4,32492,5,33052,5,34018,6,34010,4,35807
0,11110,0,11361,0,11973,0,12430,1,12931,2,13883,0,14436,2,14970,1,15400,2,16319,1,16935,1,18439,3,19624,1,19970,3,23789,3,25117,3,26606,4,29221,3,26984,3,28020,3,29432,3,30536,3,32458,2,32194,8,32799,6,33739,7,33627
1,10490,0,11141,2,11417,1,12119,1,12715,2,13370,0,14426,1,14968,5,15598,1,15499,2,16264,0,16834,2,18352,1,19387,1,19779,5,23484,4,24782,2,26210,6,28706,7,26837,8,28014,3,29384,6,30406,6,32321,5,32091,4,32637,5,33454
2,10324,1,10228,0,10766,0,10999,0,11615,2,12243,3,12692,2,13562,1,14307,2,15633,1,15514,1,16337,2,16942,1,18494,1,19527,1,19950,3,23904,5,25170,2,26385,3,28404,4,26548,6,27743,1,29080,5,30097,2,31906,5,31678,7,32123
1,10307,0,10602,1,10457,0,11043,0,11291,1,11971,3,12552,1,12950,3,13743,0,14364,4,15647,3,15547,0,16306,3,16867,3,18389,4,19447,1,19886,3,23739,3,25069,1,26259,1,28279,4,26269,8,27538,6,28950,8,29906,9,31697,4,31356
0,9926,0,10349,1,10625,0,10535,3,11142,0,11453,1,12135,0,12677,3,13116,1,13802,1,14381,0,15612,3,15434,1,16223,1,16779,1,18304,2,19355,3,19708,4,23347,1,24751,4,25915,6,27770,2,25923,10,27143,7,28482,8,29374,8,31015
1,10292,0,10351,0,10723,0,10942,1,10762,0,11361,0,11556,0,12074,0,12597,4,13064,0,13805,1,14381,2,15538,1,15264,1,16176,4,16622,6,18145,3,19171,6,19844,3,23615,4,25072,5,26161,6,28135,4,26290,7,27529,3,28809,1,29760
0,9949,1,10385,1,10559,2,11028,0,11304,2,11251,2,11805,1,11952,4,12385,1,12642,3,13088,2,13842,3,14381,0,15651,4,15348,1,16284,0,16798,3,18348,3,19222,1,19736,7,23396,7,24834,5,25974,6,27899,3,26107,3,27360,4,28586
2,9105,0,9529,0,9970,2,10100,0,10540,1,10785,0,10647,0,11112,1,11487,1,12379,0,12672,1,13060,2,13734,1,14293,0,15479,1,15188,2,16066,1,16617,4,17964,4,19064,5,19579,4,23093,2,24544,4,25637,4,27481,3,25675,1,26822
0,9127,0,9409,1,9683,1,10129,1,10327,1,10864,1,11022,1,10876,0,11227,1,11561,2,12369,1,12621,1,13012,1,13692,2,14167,2,15432,0,15054,3,15917,1,16519,3,17730,2,18776,5,19286,5,22720,2,24137,7,25220,3,26954,8,25096
2,8915,2,8934,0,9097,0,9434,1,9809,1,9959,1,10359,2,10398,0,10705,0,11136,2,11456,2,12253,1,12419,2,12828,3,13459,1,13998,1,15308,1,14915,2,15711,3,16584,7,17788,2,18935,7,19450,4,22941,7,24352,2,25429,3,27143
0,9095,4,9226,0,9287,2,9494,1,9757,0,10118,1,10305,1,10681,1,10566,1,10657,2,11089,1,11440,1,12155,2,12407,3,12751,4,13374,4,13891,1,15201,4,14868,6,15680,3,16510,0,17759,9,18880,1,19332,2,22764,4,24163,2,25146
1,8736,0,9406,0,9511,0,9440,0,9531,1,9862,0,10226,0,10406,0,10841,0,10449,2,10555,1,10937,0,11293,2,12023,3,12257,1,12600,1,13259,1,13785,1,14941,2,14764,4,15596,2,16429,2,17738,5,18773,4,19256,0,22618,4,23995
0,7974,1,8443,0,9066,0,9145,1,9138,3,9257,0,9460,0,9747,0,10094,0,10697,0,10351,3,10407,0,10790,2,11185,4,11837,0,12139,1,12505,2,13140,0,13594,3,14657,5,14518,4,15345,3,16151,3,17376,2,18363,3,18837,3,22102
1,7528,1,8164,1,8622,0,9236,1,9322,2,9255,0,9355,1,9691,2,9866,2,9993,2,10563,1,10222,0,10266,1,10620,1,10920,2,11568,2,11899,2,12214,1,12884,2,13437,3,14479,4,14317,0,15139,3,15950,3,17126,1,18060,0,18469
0,6193,2,7006,0,7577,0,8052,1,8665,3,8788,0,8786,4,9018,0,9494,2,9666,2,9831,0,10370,2,10041,2,10090,3,10426,0,10771,1,11414,1,11774,1,12076,2,12699,0,13213,0,14139,0,14092,2,14855,2,15676,4,16775,3,17626
0,5561,0,6204,1,6987,1,7520,2,7990,1,8529,0,8649,3,8683,0,8830,1,9166,0,9351,0,9513,2,10039,2,9733,0,9724,3,10101,1,10462,2,11030,1,11326,4,11893,1,12533,4,13035,5,13941,2,13975,0,14762,2,15557,0,16646
0,5323,0,5539,0,6195,0,7067,1,7706,1,8256,0,8869,1,9075,1,9097,0,8573,2,8886,0,9028,1,9122,3,9675,1,9330,1,9331,2,9694,1,10042,1,10698,2,11050,1,11661,2,12234,0,12774,4,13619,0,13695,0,14401,3,15147
0,4926,0,5087,1,5242,2,5805,1,6589,1,7077,0,7480,2,7996,0,8260,2,8792,1,8340,2,8649,2,8849,1,8979,2,9562,0,9310,2,9344,4,9756,2,9998,2,10474,1,10858,2,11460,1,12041,4,12527,0,13373,1,13498,2,14152
0,4835,1,5066,2,5212,1,5357,0,5907,0,6665,2,7098,0,7471,0,7944,0,7990,4,8529,1,8103,0,8389,0,8587,0,8643,0,9249,3,9049,1,9064,1,9536,3,9766,1,10216,2,10609,4,11271,2,11803,2,12296,2,13078,1,13189
0,4393,0,4712,1,4882,1,4974,1,5099,0,5594,1,6206,0,6613,1,7077,1,7536,0,7627,0,8131,0,7729,0,7992,0,8212,1,8316,1,8893,3,8710,0,8739,3,9257,1,9491,2,9950,1,10325,0,10987,2,11478,3,11946,0,12698
2,4134,1,4314,0,4563,0,4702,0,4752,0,4801,1,5186,1,5714,0,6085,1,6811,0,7206,1,7321,2,7800,1,7462,0,7663,2,7914,1,8047,4,8631,4,8345,1,8523,2,9031,1,9225,1,9646,2,10071,2,10669,5,11141,4,11618
0,3489,0,3788,3,4024,1,4338,0,4570,0,4700,0,4862,2,5414,1,5961,1,5816,0,6494,0,6841,2,6913,1,7355,1,7051,2,7201,0,7425,0,7487,1,8132,0,8075,3,8227,3,8742,2,8889,1,9299,1,9721,3,10313,2,10760
1,3028,0,3192,1,3429,0,3664,0,3911,4,4073,0,4199,0,4281,1,4836,1,5612,0,5496,0,6102,2,6467,0,6535,0,6871,1,6624,2,6849,0,7016,0,7098,2,7823,1,7751,1,7921,0,8437,3,8572,1,8987,0,9417,2,9982
1,2621,1,2818,2,2994,0,3247,0,3462,0,3721,0,3904,1,4040,0,4108,1,4519,0,5232,1,5109,1,5692,0,6046,1,6065,0,6450,1,6173,2,6438,1,6589,2,6851,2,7532,1,7486,0,7698,0,8197,1,8331,3,8693,2,9146
1,2428,2,2541,0,2727,0,2870,2,3113,1,3261,0,3481,1,3626,0,3770,0,3876,0,4263,1,4917,0,4811,0,5389,2,5678,1,5704,1,6113,1,5886,0,6089,0,6253,1,6533,2,7181,0,7141,3,7338,3,7829,3,7931,1,8285
1,2154,0,2311,1,2372,0,2527,0,2616,1,2805,0,2893,0,3072,0,3129,1,3501,0,3601,0,3934,0,4524,1,4433,0,4910,2,5218,0,5224,1,5617,0,5432,0,5686,3,5842,0,6112,1,6735,1,6676,1,6916,1,7334,0,7419