Title: M thyroid HIS,,,,,,,,,,,,,,,,,,,,,,,,,,,,,,,,,,,,,,,,,,,,,,,,,,,,,
Description: Created 07-Sep-2022 11:46:40 ,,,,,,,,,,,,,,,,,,,,,,,,,,,,,,,,,,,,,,,,,,,,,,,,,,,,,
Start Year: 1992,,,,,,,,,,,,,,,,,,,,,,,,,,,,,,,,,,,,,,,,,,,,,,,,,,,,,
Start Age: 35,,,,,,,,,,,,,,,,,,,,,,,,,,,,,,,,,,,,,,,,,,,,,,,,,,,,,
Interval (Years): 1,,,,,,,,,,,,,,,,,,,,,,,,,,,,,,,,,,,,,,,,,,,,,,,,,,,,,
1,53544,1,56277,1,57258,1,60932,0,64202,1,64326,1,68485,1,69526,1,71221,2,70499,1,69895,2,73182,1,74437,5,79703,2,77228,2,76440,3,77062,2,76410,5,79068,3,77296,1,77705,7,77931,7,77764,2,84899,4,81234,13,81342,4,80780
1,50125,5,51462,1,53872,1,54661,1,58225,0,61568,0,61558,1,65314,3,67437,3,70445,2,69404,6,68577,4,71833,3,72899,0,77809,4,75181,2,75186,4,75594,8,75141,4,78208,2,76418,5,77088,1,77028,2,77116,4,84200,4,80215,7,80494
3,47736,0,49876,0,50827,0,53080,0,53832,1,57416,0,60509,1,60146,2,63272,0,66693,1,69367,4,68307,1,67339,4,70163,7,71284,1,75914,2,73965,2,74046,0,74360,8,74546,3,77695,5,76017,7,76549,2,76562,5,76326,2,83109,4,79123
0,41512,2,45255,0,47449,3,48712,2,51478,1,52859,1,56879,0,60107,0,61236,0,62910,0,65920,5,68713,2,67443,3,66552,1,68996,2,70043,2,75586,2,73800,2,73628,4,73528,4,73825,6,76948,5,75222,6,75933,3,75746,6,75485,2,82072
2,43057,0,44355,3,47611,1,49125,2,50046,1,52371,1,53076,1,56188,3,58213,2,60546,1,62146,1,64807,4,67702,1,66678,3,65670,1,68348,0,70125,1,75718,3,74090,2,72824,2,72883,0,73235,4,76277,3,74532,2,75429,3,74805,4,74552
0,39533,0,42171,2,43861,1,47550,1,49935,1,51612,4,54759,2,56252,2,59576,1,57894,2,60241,2,61839,1,64690,2,67577,0,66448,3,65801,3,69126,3,71224,3,75951,5,73571,4,72344,3,72332,2,72502,6,75727,9,73935,4,74515,9,74032
1,36686,0,37545,4,39747,1,41031,2,44544,0,46558,2,47885,2,50522,1,52960,2,59179,3,57519,2,59605,1,61008,0,63674,2,66279,1,65071,4,64758,5,68257,1,70222,7,75050,6,72780,2,71639,4,71466,8,71744,7,74884,6,73040,3,73495
1,34189,0,36198,2,37061,1,39388,1,40986,1,44755,0,47009,0,48580,0,50421,3,52756,2,58963,0,57100,0,59364,3,60606,3,63283,6,65937,3,65304,5,65331,6,68328,1,69661,5,74567,5,72332,2,71021,7,71132,6,71364,6,74323,3,72258
0,31167,1,33174,3,34989,0,35817,2,38267,1,39940,2,43628,3,45903,1,47920,1,50223,4,52396,1,58590,1,56633,5,58996,3,60040,2,62721,2,65867,4,65144,4,65104,1,67643,6,69099,3,73803,6,71625,5,70390,5,70391,5,70495,2,73424
0,30976,0,31978,1,33711,0,35344,1,36159,0,38510,1,39968,2,43443,1,45238,2,47589,1,49556,3,51552,2,57454,3,55327,4,57495,3,58483,2,61226,2,64263,1,63730,6,64627,2,67231,8,68462,7,73083,6,71011,6,69743,3,69649,2,69926
1,30069,0,30424,1,31604,1,33652,1,35756,1,37071,4,39808,0,41755,5,45253,4,44989,1,47340,0,49230,3,51225,2,57123,1,55183,2,57388,2,58832,2,61733,3,64521,4,63157,4,64052,2,66526,7,67823,6,72492,3,70253,3,68917,5,68800
2,24806,1,28615,0,28883,0,30020,2,31947,3,34060,1,35290,2,37896,1,40089,2,45036,2,44633,0,46842,0,48641,2,50339,3,56196,2,54032,2,56499,2,57918,3,60879,5,63947,10,62586,4,63516,3,65787,6,67127,5,71799,5,69436,6,68030
2,23433,0,24526,0,28109,0,28467,1,29573,5,31587,1,33727,3,34903,0,37342,3,40028,1,44831,3,44352,4,46600,2,48369,4,50184,4,55989,4,54299,3,56862,5,58035,2,60147,4,63148,5,62018,1,62837,6,65058,2,66339,4,70920,7,68430
0,21152,0,22254,0,23364,1,26902,3,27468,3,28840,0,31078,2,33351,1,34981,5,37121,2,39556,1,44134,2,43481,2,45537,1,47198,2,48877,2,54567,8,52960,6,55549,2,57391,7,59598,1,62484,5,61336,6,62082,5,64475,10,65673,6,69986
2,22616,2,22657,1,23589,0,24635,0,28247,1,28832,2,30183,3,32263,1,33918,3,34809,4,36954,0,39438,2,43995,2,43488,7,45540,2,47483,3,49515,3,55403,1,53660,5,55001,8,56813,6,59144,3,61892,5,60791,5,61467,5,63759,5,64948
0,19846,1,22093,1,22268,1,23392,1,24761,3,28691,0,29619,1,31197,1,33218,0,33767,2,34620,5,36626,4,39099,1,43476,3,42895,2,44904,3,47027,3,49033,4,54513,2,53092,3,54562,3,56264,4,58542,4,61372,10,60218,9,60672,5,62947
1,18403,2,18593,0,20618,1,20774,1,21862,0,23207,1,26869,3,27657,1,29666,2,33165,0,33689,1,34463,0,36489,2,38959,4,43345,2,42868,8,45120,7,47532,5,49346,1,54085,3,52663,4,54082,3,55733,7,57955,4,60686,7,59498,2,59940
0,17414,0,18289,0,18528,0,20632,2,20996,1,22308,2,23805,0,27560,0,28284,1,29493,1,32931,2,33281,3,34012,5,35840,2,38139,2,42428,6,41866,3,44120,6,46335,5,48803,7,53538,7,52091,8,53520,8,55155,3,57356,7,60030,2,58660
1,16507,1,16967,3,17696,0,17833,1,19864,1,20240,3,21356,1,22654,2,26733,3,28287,2,29464,1,32894,2,33365,5,34162,1,36019,4,38395,6,43046,4,42628,5,44667,2,45860,10,48217,4,53023,4,51447,6,52932,1,54459,8,56534,2,59239
1,15972,1,16584,0,17159,0,18008,0,18317,0,20629,3,21252,1,22514,1,23098,4,26583,5,28076,1,29234,4,32492,0,32923,2,33657,1,35546,4,37996,2,42669,3,42348,5,44144,4,45345,2,47762,8,52479,4,50985,10,52404,10,53877,6,55911
0,14629,0,15533,0,16133,0,16711,0,17618,1,18045,2,20359,2,20920,1,22481,1,22924,3,26420,4,27751,2,28844,0,31835,3,32143,1,32920,2,34794,2,37077,4,41348,3,41796,7,43656,3,44773,6,47266,4,51853,6,50313,3,51656,5,53144
1,14867,2,14606,1,15402,0,15964,1,16488,0,17424,1,17766,0,19878,0,20304,4,22368,1,22763,1,26223,4,27538,2,28628,3,31612,6,31903,5,32797,5,34795,1,37246,5,40869,5,41374,3,43129,5,44164,3,46652,4,51147,7,49542,5,50908
1,14641,2,14296,0,13925,0,14643,2,15186,1,15705,0,16519,1,16721,2,18830,1,20071,1,22019,0,22458,0,25752,5,27013,1,28008,0,30960,4,31341,3,32275,5,34403,4,36792,1,40400,6,40852,8,42513,7,43567,3,46095,7,50440,4,48836
1,12399,4,13941,1,13747,0,13554,2,14531,4,15325,0,16066,1,17071,0,17533,1,18746,1,19930,4,21707,0,22177,1,25476,3,26630,2,27627,1,30669,4,31046,1,31786,3,33918,5,36239,4,39913,5,40305,6,42017,5,42928,9,45422,3,49682
1,12690,0,12642,0,14046,0,13699,3,13513,0,14447,0,15126,2,15628,1,16399,0,17351,2,18506,0,19608,2,21317,3,21770,3,24941,1,26055,4,27161,4,30115,3,30653,6,31330,1,33431,2,35741,4,39360,5,39658,5,41339,5,42258,4,44683
1,12096,0,12463,0,12460,1,13966,1,13859,0,13894,1,15002,2,15807,0,16176,5,16165,2,17067,2,18190,1,19114,0,20693,1,21167,3,24197,3,25224,2,26210,2,29048,5,30265,3,30855,3,32902,6,35336,3,38741,4,39043,8,40655,2,41501
1,12205,0,11435,0,11697,1,11637,1,13135,1,13069,0,13069,2,14039,1,14904,0,15963,3,15962,1,16907,0,18013,2,18973,4,20702,2,21177,0,24443,4,25493,4,26440,0,28595,3,29796,5,30248,6,32375,3,34709,6,38065,5,38215,5,39877
0,11923,1,11981,2,11242,1,11518,2,11528,3,13171,1,13113,2,13167,1,14118,1,14668,1,15761,1,15690,2,16595,1,17676,2,18595,3,20437,1,20985,3,24215,2,25247,3,26056,5,28252,3,29388,5,29808,2,31995,3,34215,3,37422,6,37576
0,11285,1,11756,1,11789,0,11045,0,11355,3,11458,1,13103,1,13072,0,13078,4,13822,3,14433,1,15467,0,15388,5,16342,2,17402,2,18292,2,20283,1,20850,7,23843,1,24799,7,25600,4,27798,2,28809,2,29260,2,31416,7,33506,5,36606
1,10833,0,10960,0,11354,1,11309,0,10578,0,10931,0,11026,0,12529,2,12456,2,12770,0,13448,0,13954,4,14970,2,14822,4,15649,1,16748,4,17669,1,19517,2,20270,2,23379,6,24361,2,25080,2,27220,3,28242,0,28675,2,30762,5,32784
1,9823,0,10448,1,10591,3,11053,0,11156,1,10569,0,10947,0,10996,1,12389,5,12274,0,12586,1,13337,2,13798,3,14832,1,14651,0,15583,2,16718,1,17752,1,19291,4,19791,4,22905,3,23896,3,24552,5,26663,6,27609,9,28057,6,30067
0,9167,1,9396,0,9991,0,10252,1,10634,1,10777,1,10314,0,10681,1,10840,1,12176,4,12076,3,12431,0,13138,0,13487,1,14532,5,14388,1,15409,2,16554,0,17548,7,18854,2,19378,1,22393,4,23346,2,23955,3,26054,4,26983,2,27414
0,8717,1,8854,0,9005,0,9562,4,9793,0,10264,0,10487,0,10089,0,10351,0,10638,0,11905,0,11825,2,12168,1,12801,0,13122,0,14226,3,14095,2,15116,2,16297,2,17112,1,18444,2,18969,7,21961,5,22805,1,23439,4,25453,5,26351
0,8339,0,8275,1,8385,1,8598,1,9189,0,9482,0,9991,0,10235,0,10050,1,10155,1,10430,4,11735,1,11562,1,11888,0,12438,1,12801,1,13896,1,13806,4,14727,5,15911,2,16777,1,18060,2,18489,2,21513,2,22312,2,22909,1,24862
0,8001,1,8322,1,8147,1,8270,0,8375,1,8906,0,9192,1,9630,0,9760,0,9790,1,9899,0,10159,1,11428,2,11302,1,11556,0,12164,2,12483,3,13629,3,13597,3,14355,0,15485,3,16366,3,17590,7,18030,4,21032,1,21789,6,22388
0,7458,1,7790,1,8081,1,7980,0,8117,0,8351,1,9068,0,9373,0,9832,2,9496,0,9608,1,9636,0,9906,1,11120,4,10978,1,11265,1,11863,1,12284,4,13241,5,13244,3,13981,4,15090,4,15956,1,17174,4,17544,0,20516,1,21261
2,6697,1,7133,0,7393,1,7662,0,7514,1,7620,1,7773,1,8384,0,8728,1,9631,2,9347,1,9374,2,9413,2,9777,1,10856,3,10820,3,11119,3,11771,1,12176,1,12889,1,12937,4,13612,2,14699,0,15542,1,16742,4,17017,2,19961
2,5917,1,6426,3,6775,0,7054,0,7302,2,7189,1,7313,0,7548,1,8193,1,8480,5,9338,2,9000,1,8986,1,9050,2,9301,2,10363,3,10336,0,10603,2,11267,4,11853,0,12507,4,12549,1,13224,2,14280,3,15106,1,16255,2,16506
1,4998,0,5524,1,6077,1,6523,0,6813,1,7106,0,7045,2,7341,0,7601,0,8025,0,8235,3,9119,2,8801,0,8778,0,8827,3,9088,0,10185,3,10156,2,10441,2,10990,1,11574,2,12166,3,12235,3,12874,2,13902,2,14716,2,15837
1,4504,0,4904,0,5401,0,5913,1,6291,0,6551,0,6820,0,6828,0,7122,0,7384,3,7742,1,8017,0,8866,0,8599,1,8514,1,8650,3,8980,1,10104,1,10018,3,10162,3,10664,3,11208,2,11825,1,11891,1,12421,1,13461,1,14227
1,4158,0,4414,0,4765,0,5205,0,5660,0,6056,1,6389,0,6731,1,6734,1,6865,0,7156,1,7426,1,7605,1,8375,0,8068,0,8049,1,8081,1,8401,0,9493,0,9697,1,9835,1,10306,0,10835,3,11398,3,11491,1,12024,3,12995
1,3789,1,3785,0,3939,2,4324,1,4683,0,5131,0,5515,1,5817,0,6148,1,6476,0,6671,0,6985,0,7241,0,7427,0,8246,2,8011,0,7991,1,8125,0,8363,1,9159,1,9371,1,9565,0,10000,1,10452,2,11012,1,11091,0,11625
2,3630,0,3589,0,3567,0,3726,0,4095,1,4471,1,4923,0,5332,0,5672,0,5896,1,6175,0,6328,1,6659,1,6880,0,7001,2,7802,0,7567,0,7624,1,7709,0,8075,0,8799,3,9062,3,9264,2,9687,0,10088,2,10602,1,10688
1,3278,0,3554,0,3464,1,3444,0,3572,0,3955,0,4322,0,4723,1,5148,1,5471,0,5622,0,5955,0,6061,0,6457,1,6554,0,6743,0,7576,2,7353,2,7364,0,7439,3,7726,2,8456,0,8700,1,8927,3,9345,2,9707,1,10200
0,3099,1,2948,0,3175,0,3087,0,3068,0,3194,0,3544,0,3885,1,4293,0,4884,1,5221,1,5331,0,5702,5,5754,0,6128,1,6313,0,6506,1,7276,1,7082,0,7041,3,7131,1,7458,1,8120,0,8328,0,8585,1,8960,5,9312
0,2761,0,2914,0,2763,0,3007,0,2989,0,2981,0,3169,0,3518,1,3809,0,4092,1,4641,0,4981,1,5063,1,5472,1,5500,1,5889,1,6072,1,6321,0,6922,1,6774,3,6756,0,6855,1,7159,1,7781,2,7990,0,8240,2,8608
1,2447,0,2483,0,2594,0,2498,0,2687,0,2653,0,2694,0,2834,2,3177,0,3562,1,3866,0,4383,0,4687,0,4712,1,5083,1,5161,0,5498,0,5718,3,5940,2,6542,3,6418,0,6391,3,6538,2,6790,3,7348,3,7566,2,7811
0,2163,1,2247,0,2280,0,2425,0,2353,1,2550,0,2577,0,2646,0,2858,2,2921,0,3333,0,3608,0,4075,0,4351,1,4342,0,4698,1,4828,0,5112,0,5365,3,5632,3,6199,2,6084,1,6077,1,6221,0,6435,1,6939,0,7163
0,1858,0,1931,0,1943,0,1939,0,2020,0,1902,0,2072,0,2041,0,2142,0,2633,1,2701,1,3087,0,3388,1,3770,0,3960,1,3985,0,4354,0,4468,0,4712,0,5039,0,5357,1,5882,1,5776,1,5759,1,5881,0,6056,1,6538
0,1709,0,1691,0,1778,0,1794,0,1841,0,1890,0,1853,0,2029,0,2022,0,2020,0,2497,0,2548,1,2877,1,3181,0,3543,0,3756,1,3787,0,4181,2,4304,1,4379,1,4746,0,5031,0,5547,1,5441,0,5388,2,5526,3,5681