Title: M thyroid NHB,,,,,,,,,,,,,,,,,,,,,,,,,,,,,,,,,,,,,,,,,,,,,,,,,,,,,
Description: Created 07-Sep-2022 11:46:40 ,,,,,,,,,,,,,,,,,,,,,,,,,,,,,,,,,,,,,,,,,,,,,,,,,,,,,
Start Year: 1992,,,,,,,,,,,,,,,,,,,,,,,,,,,,,,,,,,,,,,,,,,,,,,,,,,,,,
Start Age: 35,,,,,,,,,,,,,,,,,,,,,,,,,,,,,,,,,,,,,,,,,,,,,,,,,,,,,
Interval (Years): 1,,,,,,,,,,,,,,,,,,,,,,,,,,,,,,,,,,,,,,,,,,,,,,,,,,,,,
2,33422,0,33129,0,33831,0,34781,0,34274,1,35331,0,35236,0,35710,0,35262,0,32668,3,30318,1,30816,0,30481,0,34007,0,32819,1,31033,0,29108,0,28363,0,28730,1,27395,0,28165,2,28728,1,29947,0,32212,0,30932,1,31311,0,31811
3,30027,1,31607,1,31255,1,31934,0,32773,0,32455,0,33414,0,33189,2,33750,0,34970,3,32271,1,29691,0,30169,0,29789,0,33182,1,31874,0,30137,1,28168,1,27375,1,28584,0,27340,1,28140,1,28702,0,29862,0,32359,0,30853,0,31145
2,30085,1,30456,0,31873,1,31364,0,32013,1,32809,0,32370,0,33021,0,32551,0,33573,0,34789,0,31936,1,29525,0,30117,0,30084,1,33167,0,32200,1,30509,2,28556,0,27440,0,28450,0,27380,1,28113,0,28760,1,29855,0,32359,3,30899
0,26500,0,28234,0,28687,0,30222,0,30011,0,30957,1,31885,1,31697,0,32602,0,32402,2,33202,0,34256,0,31414,1,29191,1,29772,1,29587,0,32790,0,31669,3,30039,2,28560,3,27417,0,28536,4,27562,2,28082,1,28857,2,30016,0,32365
0,28470,2,29888,1,31231,0,31378,0,32697,0,32095,1,32680,0,33143,2,32331,0,32401,0,32002,2,32815,1,33940,0,31215,2,29165,1,29588,1,29445,0,32802,1,31733,0,29833,3,28444,0,27330,0,28377,0,27476,4,27983,1,28746,1,29842
0,27149,0,27520,1,29156,0,30892,1,31430,0,33236,3,33038,1,34060,0,34462,0,32291,2,32432,1,31884,2,32784,0,33989,0,31378,1,29319,1,29896,2,29803,0,32861,0,31880,1,29938,1,28663,3,27463,1,28578,1,27637,0,28174,1,28908
1,24751,0,25397,0,25653,0,26983,0,28556,0,29050,1,30646,0,30265,0,31416,0,34107,1,31920,0,31932,1,31369,0,32344,1,33813,0,30887,4,28996,1,29584,0,29660,2,32662,1,31645,1,29761,1,28447,1,27162,2,28435,3,27521,0,28096
0,25172,0,24812,1,25553,1,25853,1,27347,1,29165,0,29673,1,31350,2,31057,0,31349,2,33953,0,31718,2,31775,0,31250,2,32389,1,33843,1,30996,3,29075,1,29543,2,29602,2,32647,4,31465,1,29735,1,28399,0,27127,1,28396,1,27443
0,23441,0,24785,0,24415,0,25063,0,25376,0,26824,1,28565,1,28911,0,30447,1,30785,0,31129,3,33567,0,31276,1,31634,2,31109,4,32337,2,33763,0,31029,2,29194,4,29425,3,29467,2,32485,1,31419,1,29710,2,28333,0,27088,2,28260
0,23362,0,24084,3,25339,0,24834,1,25386,0,25702,1,27037,0,28658,0,28971,0,30094,0,30395,1,30641,1,32936,0,30633,1,31031,2,30447,0,31626,5,32958,2,30363,2,28963,1,29230,2,29285,2,32319,4,31171,1,29547,2,28196,1,26957
0,22126,0,22621,1,23550,2,25048,1,24772,1,25707,1,26309,1,27989,0,29190,2,28640,1,29584,0,29950,0,30086,2,32379,1,30221,2,30433,1,29835,1,31079,3,32086,0,30412,1,29144,0,29327,1,29354,1,32300,1,31239,0,29495,0,28244
2,16138,0,20727,0,21294,1,22199,1,23659,0,23582,0,24470,1,25114,1,26951,0,29064,1,28546,1,29581,0,29962,3,30161,0,32668,1,30541,3,30865,3,30405,0,31457,2,31842,2,30114,1,28834,3,29146,1,29206,0,32244,3,31025,2,29251
0,17430,1,16671,2,21332,0,21784,0,22583,2,24074,1,23828,1,24659,1,24976,1,26777,1,28802,1,28334,1,29274,0,29696,0,30154,1,32514,2,30378,1,30823,3,30627,1,31186,1,31578,2,29803,3,28635,1,28836,2,28992,1,31929,1,30725
0,15697,0,15823,0,15347,0,19768,0,20404,2,21413,3,23023,0,22920,1,23889,1,24743,0,26454,1,28531,0,27970,2,29022,1,29563,3,29985,1,32302,2,30284,2,30362,0,30505,1,31098,1,31420,2,29702,2,28596,0,28690,1,29061,0,31738
0,18010,1,17974,0,17966,0,17159,0,21905,0,22481,0,23238,0,24728,1,24372,0,23736,0,24608,1,26303,0,28306,1,27880,2,29014,1,29594,0,29986,1,32421,2,30584,2,30132,2,30382,0,30889,0,31263,1,29592,2,28427,3,28596,1,28912
2,16039,1,16943,0,17185,0,17396,0,16925,3,21926,1,22796,1,23854,0,24947,1,24107,2,23411,2,24173,0,25864,0,27785,3,27429,1,28470,3,28909,3,29355,1,31554,2,30588,2,30078,4,30284,1,30861,0,31249,4,29605,1,28423,2,28585
1,13967,0,15083,2,15894,1,16042,1,16217,0,15756,0,20461,1,21145,1,22474,1,24746,0,23867,2,23182,2,24050,0,25742,2,27931,0,27446,0,28567,1,29235,0,29568,1,31242,2,30133,1,29671,1,29965,1,30487,2,30926,2,29274,1,28097
0,13603,2,13677,1,14845,0,15656,1,15935,0,16168,1,15813,2,20569,0,21224,4,22255,4,24450,0,23600,4,22949,0,23814,1,25687,0,27726,2,27273,1,28525,1,29003,2,29400,1,31052,1,29933,1,29478,0,29683,1,30224,3,30627,0,28981
0,13135,0,13516,3,13617,1,14729,1,15583,1,15866,0,16111,0,15676,1,20177,1,20963,2,22083,3,24261,0,23409,2,22741,1,23738,0,25488,1,27686,0,27450,2,28505,6,28744,0,29072,3,30730,1,29654,3,29195,0,29378,2,29831,1,30351
0,13426,0,13604,0,14004,0,14097,0,15335,1,16245,0,16565,1,16776,0,16315,1,20108,0,20824,4,21826,1,24018,2,23164,0,22580,0,23656,1,25392,1,27603,2,27325,5,28204,1,28453,3,28678,1,30445,1,29339,7,28898,4,29025,2,29527
0,12353,0,13189,0,13339,0,13659,0,13782,0,14986,1,15877,1,16063,1,16187,0,15949,0,19671,0,20285,4,21153,0,23241,2,22400,2,21746,3,22764,0,24448,3,26640,0,27101,1,28049,2,28299,1,28581,2,30164,5,29155,2,28767,2,28909
1,11419,2,11512,0,12317,0,12467,0,12891,1,13115,0,14312,1,15171,1,15573,3,16092,0,15900,1,19594,3,20208,3,21159,0,23470,4,22570,2,22020,3,23141,2,24630,3,26230,4,26695,3,27612,3,27912,4,28186,5,29706,4,28752,2,28206
0,11349,0,11582,1,11605,0,12342,1,12495,1,12872,2,13043,1,14085,3,14814,2,15324,0,15775,1,15598,0,19211,1,19768,1,20814,2,23124,1,22159,3,21747,0,22867,0,24173,2,25786,2,26291,3,27190,6,27474,3,27648,3,29251,3,28260
1,9827,0,10058,1,10388,0,10478,0,11316,1,11579,0,12022,0,12326,0,13508,1,14621,1,15144,0,15574,1,15340,1,18981,2,19515,3,20493,0,22827,2,21926,0,21515,4,22538,4,23833,1,25279,4,25868,1,26778,3,26980,1,27183,1,28761
1,10887,0,10777,1,10937,1,11219,1,11315,1,12121,0,12393,0,12802,1,12829,0,13227,1,14298,1,14740,1,15037,0,14833,2,18375,2,18733,0,19673,0,21934,4,21250,3,21207,1,22174,1,23418,1,24845,6,25442,2,26319,2,26513,6,26686
1,10395,0,10609,2,10577,0,10816,0,11180,0,11355,0,12241,0,12554,0,12907,0,12585,0,12886,0,13945,1,14328,1,14501,3,14356,2,17727,2,18026,0,18921,4,20914,7,20899,0,20791,2,21813,3,23032,1,24472,2,25033,2,25915,2,26051
0,9765,0,9607,1,9769,0,9681,0,9815,0,10106,2,10254,1,10981,0,11340,1,12665,0,12438,0,12753,1,13878,1,14318,2,14598,0,14512,0,18072,1,18716,0,19369,0,20463,2,20436,3,20280,2,21232,6,22426,0,23901,0,24396,5,25277
3,9930,0,10032,1,9855,0,9999,1,9876,1,10010,0,10318,1,10427,0,11028,1,10999,0,12289,0,12066,2,12362,0,13357,2,13801,0,14006,1,14041,1,17516,1,18139,0,18856,3,20011,0,19839,3,19735,5,20731,2,21845,3,23293,3,23803
3,9462,0,9586,0,9760,1,9590,0,9775,0,9750,0,9915,0,10239,0,10413,2,10782,0,10720,1,12082,1,11810,1,12077,0,13175,0,13666,0,13853,0,13945,0,17211,1,17639,1,18304,1,19533,3,19321,1,19235,2,20164,7,21357,2,22655
1,10026,0,9880,1,9901,0,10005,0,9717,0,9841,1,9731,0,9822,1,9974,2,10075,0,10473,2,10352,0,11765,2,11411,1,11605,4,12717,4,13180,0,13456,0,13554,0,16855,3,17143,4,17813,0,19049,2,18764,3,18710,3,19664,2,20768
2,9837,2,10084,1,10000,0,10072,1,10227,1,10022,0,10181,1,10016,0,10005,2,9653,1,9789,0,10201,2,10010,1,11427,0,11078,2,11304,2,12399,2,12884,2,13228,2,13263,2,16482,0,16742,2,17359,1,18517,1,18226,1,18131,2,19134
2,9183,0,9177,0,9378,0,9189,0,9154,0,9160,0,8853,0,8939,0,8966,0,9695,0,9315,1,9445,3,9899,1,9727,1,11080,1,10751,1,10930,0,12110,3,12402,3,12840,3,12793,2,15932,1,16289,2,16839,4,17885,2,17621,2,17571
0,8502,1,8614,0,8659,0,8842,0,8718,0,8783,0,8887,0,8737,0,8577,0,8707,1,9390,1,9029,3,9175,1,9551,1,9495,1,10828,0,10527,0,10750,0,11896,1,12018,1,12467,2,12408,7,15412,3,15776,6,16238,2,17288,2,16992
0,7334,0,7741,0,7723,0,7794,0,7975,0,7791,0,7840,1,7863,1,8093,1,8321,1,8490,2,9262,0,8790,0,8946,0,9376,1,9379,2,10760,1,10495,2,10766,3,11589,1,11694,2,12101,1,12080,0,14965,2,15312,0,15731,1,16738
0,7592,0,7107,0,7567,0,7633,1,7678,1,7836,1,7701,0,7781,0,7561,0,7743,0,7960,1,8117,0,8844,2,8324,3,8482,1,8814,2,8759,1,10175,2,9929,1,10478,1,11201,1,11301,1,11722,0,11697,2,14453,0,14809,0,15214
0,7304,1,7152,0,6753,0,7256,1,7358,0,7466,0,7694,0,7613,2,7732,0,7277,0,7411,0,7642,1,7781,1,8486,0,7962,1,8073,3,8390,1,8364,1,9616,1,9614,4,10086,2,10822,1,10951,0,11273,1,11310,4,13943,1,14336
1,6724,0,6691,0,6512,2,6089,1,6519,1,6556,0,6578,0,6746,1,6739,2,7531,1,7118,0,7230,1,7559,0,7683,0,8435,1,7948,0,8135,1,8510,0,8551,1,9272,2,9323,2,9738,2,10513,0,10594,1,10914,3,10933,2,13495
0,6267,1,6378,0,6325,0,6195,0,5858,1,6291,1,6342,0,6503,0,6616,2,6490,0,7226,0,6799,1,6822,2,7179,0,7179,1,7799,2,7325,1,7508,1,7872,1,8268,0,8910,0,8972,3,9358,1,10124,2,10209,0,10546,1,10534
0,5542,1,5802,1,5880,0,5867,1,5741,1,5412,1,5818,1,5912,0,6104,1,6415,2,6296,0,7007,0,6508,1,6602,1,6890,0,6979,0,7508,1,7215,2,7283,1,7571,1,7993,0,8581,2,8638,0,9040,0,9763,1,9842,0,10162
0,5156,0,5485,0,5831,1,5920,0,5915,1,5830,0,5506,0,5969,1,6035,0,5837,0,6136,0,5940,0,6624,1,6148,1,6198,0,6483,0,6561,2,7083,2,6889,0,6946,2,7259,1,7637,2,8195,1,8302,1,8643,3,9314,1,9379
0,4940,0,5051,1,5404,0,5669,0,5776,0,5734,0,5664,0,5395,0,5740,0,5661,1,5491,0,5698,2,5489,3,6147,0,5609,0,5682,1,5830,0,5942,1,6389,0,6590,2,6647,0,6917,1,7305,1,7853,2,7938,3,8245,0,8879
0,4314,0,4565,0,4725,0,5078,0,5386,0,5557,0,5596,0,5606,0,5416,1,5449,1,5411,1,5301,0,5457,1,5282,1,5943,1,5409,0,5489,1,5697,0,5728,2,6087,0,6271,0,6310,3,6575,1,6949,0,7470,0,7579,0,7845
1,3947,0,3926,0,4113,0,4215,0,4508,0,4776,0,4893,0,4907,0,4965,1,5036,0,5036,0,5020,0,4877,0,5071,0,4933,0,5574,0,5027,1,5167,0,5398,0,5458,3,5823,0,5973,2,6055,1,6292,1,6629,0,7146,0,7234
0,3646,1,3703,0,3703,1,3862,0,3958,0,4238,2,4471,0,4548,1,4587,0,4593,0,4669,1,4658,1,4642,0,4552,1,4731,0,4606,2,5169,1,4667,1,4826,0,5137,2,5202,2,5504,1,5672,0,5745,2,5971,1,6340,0,6782
1,3702,1,3549,0,3545,0,3486,0,3628,0,3673,0,3841,0,4021,0,4079,0,4251,0,4275,0,4320,0,4273,1,4316,0,4249,0,4392,1,4270,0,4823,0,4456,0,4546,1,4874,0,4905,0,5170,1,5367,0,5419,1,5671,0,6008
0,2715,0,2978,0,2948,0,3024,0,3081,1,3245,0,3389,0,3623,0,3759,0,3682,0,3863,0,3818,0,3839,0,3737,0,3803,0,3730,0,3818,1,3723,0,4210,0,4126,1,4212,0,4553,0,4578,3,4846,0,5011,1,5065,0,5327
0,2386,0,2451,0,2663,0,2618,0,2680,0,2673,0,2807,1,2899,0,3084,0,3454,1,3401,0,3520,0,3526,1,3597,2,3525,0,3584,3,3585,0,3710,0,3629,0,3879,0,3859,1,3916,0,4224,1,4314,0,4568,0,4691,0,4748
0,2188,0,2115,1,2176,0,2376,0,2363,0,2421,0,2423,0,2554,0,2650,0,2803,0,3095,0,3126,0,3189,0,3183,0,3267,0,3188,1,3217,0,3295,0,3361,0,3399,0,3604,0,3587,0,3628,0,3988,0,4043,1,4226,0,4361
0,1758,0,1974,0,1915,0,1991,0,2146,0,2141,0,2187,0,2177,0,2314,0,2324,0,2482,0,2796,0,2780,1,2861,0,2879,0,2913,0,2849,0,2894,0,2997,1,3094,1,3172,4,3338,1,3333,0,3347,0,3675,0,3752,0,3912
0,1632,0,1640,0,1834,0,1776,1,1816,0,1913,0,1894,0,1926,2,1882,0,2011,0,2056,0,2169,0,2478,0,2522,0,2576,0,2625,0,2719,0,2719,0,2722,0,2717,0,2811,1,2859,1,3035,0,3034,0,3074,1,3352,1,3447