Title: M thyroid NHW,,,,,,,,,,,,,,,,,,,,,,,,,,,,,,,,,,,,,,,,,,,,,,,,,,,,,
Description: Created 07-Sep-2022 11:46:40 ,,,,,,,,,,,,,,,,,,,,,,,,,,,,,,,,,,,,,,,,,,,,,,,,,,,,,
Start Year: 1992,,,,,,,,,,,,,,,,,,,,,,,,,,,,,,,,,,,,,,,,,,,,,,,,,,,,,
Start Age: 35,,,,,,,,,,,,,,,,,,,,,,,,,,,,,,,,,,,,,,,,,,,,,,,,,,,,,
Interval (Years): 1,,,,,,,,,,,,,,,,,,,,,,,,,,,,,,,,,,,,,,,,,,,,,,,,,,,,,
9,215508,9,213875,10,211013,12,211879,9,208475,7,208322,9,200094,8,194676,10,182732,10,166080,9,159714,9,157465,14,159080,12,168040,8,157890,10,143640,6,131430,14,130491,7,134496,13,129362,11,135331,25,137748,12,140718,7,149156,13,147534,23,150722,8,150162
3,200085,12,207592,12,205094,6,202081,8,202613,4,199517,9,198886,11,190119,9,186102,9,181403,9,163955,10,157684,6,155651,12,157450,15,166520,10,156156,12,142249,15,130270,18,129141,8,134118,7,129343,8,134975,10,137284,7,140434,14,148787,21,147006,18,149508
9,201040,4,199626,6,206209,3,203454,5,200134,5,200836,9,197289,10,195758,10,187296,7,184464,10,178750,8,161853,16,155908,15,154220,9,155965,11,164550,16,154698,13,140857,19,130154,10,128998,18,134394,12,129182,11,134579,14,136963,11,140084,18,148306,13,146278
10,188457,8,191494,2,190710,9,198259,9,196698,10,195070,8,196685,10,193729,8,191695,10,185866,17,182439,9,176461,8,160332,13,154494,9,153154,11,154189,18,163351,16,153648,14,140122,11,130068,14,129138,15,134416,9,129159,11,134648,14,136951,22,139723,15,147911
10,199703,7,202144,6,202757,7,200181,8,205888,13,202752,5,198944,7,197964,17,194909,8,189763,17,183727,15,180256,17,174999,22,158940,11,153543,15,152257,9,153640,18,162955,12,153946,13,140153,18,129822,14,128871,9,134035,15,128712,11,134316,14,136433,18,139159
5,192274,9,193928,9,197299,8,199704,4,198714,8,206634,8,205233,7,202476,7,200131,9,193292,13,187314,15,181561,15,178451,9,173421,14,157697,10,152283,17,151055,19,152679,15,160685,16,153840,13,140151,17,129854,10,128699,12,133998,23,128620,18,133905,13,135770
10,176344,9,184017,7,184540,14,187505,12,189243,6,188327,10,195211,13,192755,15,191636,10,198551,12,191366,7,185215,13,179844,16,176898,15,171853,10,156340,11,151261,16,150162,18,152210,19,159809,23,153200,20,139330,9,129051,16,128048,8,133184,16,127706,11,132496
9,177532,9,176083,7,183475,9,184597,8,187988,10,190652,9,190113,8,196896,10,194203,16,189878,9,196235,10,189123,14,183162,13,178110,18,175276,18,170233,10,155023,19,150079,9,148502,21,152058,20,159714,11,152979,14,139143,24,128734,10,127753,12,132739,13,127040
10,172354,12,173838,6,171990,9,179610,9,181022,10,184963,10,187793,10,186878,10,193119,14,192577,15,187881,15,194494,12,187757,19,181903,18,177401,14,174471,15,169806,20,154972,18,150260,14,148000,12,151633,14,158909,28,152355,19,138534,18,128130,15,126962,13,131691
6,182094,14,178404,8,178448,5,175818,2,182738,14,183679,7,186739,11,188065,13,186754,22,191561,5,190331,12,185489,15,191760,19,184933,16,179200,14,174563,7,171577,15,166706,12,152747,12,149765,24,147738,18,151182,23,158129,17,151537,17,137734,11,127323,11,125922
5,197391,5,177023,8,174119,8,175534,13,174330,11,183025,8,185398,15,189337,14,189991,14,184972,12,189023,14,187599,19,182725,15,188671,16,182014,18,176334,27,171512,13,168508,12,163648,23,152356,26,149469,21,146940,26,150458,19,157309,23,150715,16,137021,9,126521
8,132892,16,189617,9,169401,13,166633,9,168119,6,167277,7,175609,17,177241,11,181908,15,188311,9,183345,17,187681,16,186710,10,182091,19,188764,18,182220,16,176928,20,172423,20,169540,23,163012,17,152011,27,148829,31,146493,22,149848,10,156717,15,149756,17,135838
7,139110,8,132580,15,188883,7,169069,7,166836,6,168946,16,168457,17,176568,9,178093,15,180383,13,186512,7,181676,17,186133,17,185383,17,181182,23,187715,10,181469,15,176302,20,171838,16,168763,20,162284,25,151228,13,147895,21,145602,19,148889,24,155556,9,148410
8,134447,7,133483,2,127268,14,182257,18,163993,13,162909,4,165705,10,165494,8,173256,10,176409,10,178386,20,184286,14,179750,22,184059,14,183603,15,179468,23,185860,27,179853,24,174773,26,171274,19,168394,22,161526,24,150575,20,147235,20,144795,21,147984,19,154390
14,153370,5,141947,6,139568,10,132341,7,188491,9,168865,14,166714,11,167949,12,167678,12,171779,17,174739,10,176643,22,182486,15,178047,21,182667,11,182079,21,178224,29,184712,29,179110,24,173923,22,170459,21,167217,18,160564,20,149494,22,146331,21,143707,23,146673
6,127788,8,149178,9,138626,14,137415,10,131355,14,188856,9,170487,6,169016,14,168256,14,165647,9,169467,15,172283,17,174116,15,179971,20,175352,19,180161,23,179395,17,175679,23,181365,29,178387,21,173225,31,169519,14,166337,16,159658,21,148480,17,145335,21,142479
3,116112,14,121728,11,141744,11,131661,3,130656,7,125087,18,180101,17,161836,14,161682,9,166578,11,164104,9,168221,17,171491,24,173640,21,180040,18,175571,23,180995,29,180635,23,176977,20,180027,17,177333,28,171852,28,168269,23,164942,23,158276,25,147037,15,143744
12,110291,5,114533,6,120124,11,140406,7,130876,6,130394,17,125352,12,180329,19,162742,14,159811,10,164340,17,161677,17,165761,22,168946,23,171140,25,177201,27,172948,27,178327,23,178114,25,175772,25,179045,25,176133,20,170662,28,166908,20,163728,17,156730,17,145515
6,108626,8,109166,4,112980,8,118548,15,138586,9,129227,7,128901,13,123347,8,175551,7,160704,9,157818,16,162475,15,159986,23,164051,16,167613,22,169955,18,176263,32,172035,28,177363,34,176828,23,174683,23,177617,18,174596,27,169209,24,165508,25,162012,11,155144
1,108484,8,109835,5,110480,5,114851,8,121071,10,142296,8,133316,12,133092,9,129235,11,173282,19,158482,20,155890,15,160713,12,158325,19,162860,25,166603,21,169340,31,175840,22,171791,37,175871,26,175504,20,173118,23,175854,40,173064,31,167595,21,163801,15,160214
10,99063,9,103979,8,105308,5,106274,10,110822,10,117368,10,138352,14,129459,20,127979,15,127195,26,170268,23,155509,13,152830,29,157584,21,155298,25,159847,15,163589,23,166282,20,172358,31,170573,34,174638,22,173979,33,171483,30,174469,23,171322,28,165844,16,161969
8,98671,9,98654,9,102800,6,103748,5,104284,7,108512,12,114331,14,133925,11,125770,11,126009,8,125296,14,168057,12,153572,16,151326,15,156522,24,154609,17,159525,24,163675,24,166439,25,170859,22,168879,18,172838,26,172035,37,169514,35,172400,26,169333,25,163726
4,100306,11,97301,9,97144,3,101387,4,102388,6,103259,7,107364,7,113020,7,131396,16,123745,11,123879,15,123294,12,165520,20,151096,24,149419,21,154819,30,153002,27,158205,18,161909,25,165041,30,169227,27,167225,22,170805,32,170080,30,167565,15,170239,28,166736
5,89307,7,95000,14,92476,11,93006,5,97653,8,99478,12,100794,8,105261,11,112351,21,128835,12,121008,8,121302,14,120956,21,162759,18,148418,29,147231,33,152747,10,151185,22,156317,18,160144,29,163337,24,167199,37,165211,35,168863,36,168048,26,165493,25,167757
6,92527,5,91623,1,96518,5,93451,10,93296,11,97503,7,98517,8,98977,12,102175,13,109883,11,126167,7,118461,10,118877,17,118722,26,160083,22,145997,23,145174,20,150813,28,149835,24,154555,24,158503,23,161460,24,165047,26,163103,29,166697,22,165497,31,162921
7,90541,7,88118,5,87666,8,93100,7,90725,9,91369,8,96129,7,97529,6,97804,9,99733,17,107335,18,122980,13,115299,14,115557,14,115634,17,155939,24,142205,21,141308,14,146161,16,147824,28,152699,21,156276,27,159237,42,162583,32,160455,28,163815,37,162502
9,93817,1,87990,10,85127,11,84539,6,89592,5,87193,7,87515,4,91554,7,92958,9,95635,14,97829,11,105518,17,121276,8,113774,18,114899,23,115214,23,156355,29,143073,30,142189,25,144252,18,145792,30,150586,22,153844,31,156671,21,159988,19,157773,28,160770
7,93154,11,90637,6,84922,10,82371,9,82156,5,87321,9,85153,10,85438,5,89475,7,90636,10,93157,9,95365,14,103074,16,118659,13,111208,14,112748,12,113237,20,154189,21,141511,21,139960,22,142002,25,143085,25,147825,34,150962,25,153608,12,156799,28,154318
4,91791,3,91979,4,89062,8,83428,6,80894,4,80646,6,85596,13,83092,12,83059,8,86813,13,87908,15,90529,11,92579,24,100024,20,115390,21,108389,24,109951,23,110616,24,150802,33,138987,30,137716,23,139603,24,140448,28,145100,21,147986,19,150635,34,153466
11,93192,9,89590,9,89528,4,86683,10,81260,7,78753,10,78507,7,83005,6,80437,9,80923,7,84732,13,85875,11,88597,11,90486,15,98311,17,113580,18,106673,19,108670,14,108645,28,147550,29,136058,19,134681,17,136013,34,137071,34,141401,17,144031,25,146535
7,87682,8,88987,10,85747,12,86162,5,83689,8,78861,9,76350,5,75562,13,80128,7,78220,9,78896,3,82763,10,83593,11,86540,23,88477,10,96525,21,111996,23,105111,27,106755,15,106783,19,144916,28,133368,33,132140,32,133414,36,134145,32,138295,28,140642
7,85095,5,85143,9,86885,5,83763,4,83959,7,81368,6,76499,7,74427,14,73020,7,77706,9,75950,14,76770,9,80533,15,81524,12,84114,11,86439,12,94621,21,110113,14,103732,20,104466,29,104424,31,141642,30,130235,27,129074,30,130231,21,130984,36,134969
6,85750,7,82649,6,82206,7,83783,11,81053,7,81210,6,79134,8,74813,5,72643,6,71014,15,75553,11,73845,10,74488,19,78361,15,79149,14,81976,17,84150,24,92382,17,107024,17,101603,13,102401,24,102428,30,138542,24,127343,23,126311,28,127393,28,128099
6,80785,5,80603,6,77541,2,78011,9,80162,12,77241,8,77795,4,75908,8,72842,8,70565,15,69087,10,73636,12,71946,11,72622,16,76271,15,77316,9,80258,17,82424,16,90650,25,104461,24,99324,23,99884,20,99607,37,134709,17,123832,24,122730,22,123703
5,79854,5,80305,6,79611,8,76985,7,76801,7,78152,5,75586,10,76082,9,73449,9,70676,8,68533,8,67020,9,71634,19,70192,11,70701,15,74644,18,75658,13,78718,9,81161,20,88482,15,101904,16,96862,23,97367,13,97013,29,131084,30,120474,26,119430
6,79440,6,75481,9,75823,4,75720,8,72843,8,72989,3,75020,1,72415,5,73089,7,71205,10,68392,7,66309,15,64691,11,69171,14,67671,7,68229,19,71849,10,72832,13,75788,13,79254,9,86382,21,99219,13,94299,17,94704,24,94435,24,127265,20,117045
10,77136,10,77146,2,73325,8,73798,7,73330,5,70688,7,70387,14,72191,5,69672,3,70724,10,69088,10,66522,7,64554,11,63224,11,67521,19,66319,8,67105,17,70837,15,71883,11,73912,23,77289,28,84059,21,96643,13,91790,13,92151,20,91813,21,123644
5,69886,7,74418,5,73836,8,70026,4,70350,9,69880,3,66915,6,67307,6,68721,5,67178,6,68222,6,66626,8,64187,12,62385,9,61045,8,65508,14,64271,9,65143,5,68815,15,69946,18,72123,9,75283,19,81772,25,94043,18,89271,19,89539,18,89149
8,64753,8,66270,6,70868,8,71324,4,68305,5,68822,7,68590,3,66885,7,67293,9,66140,6,64618,8,65697,10,64287,8,62019,8,60269,10,59127,13,63622,9,62422,12,63247,15,66890,21,67990,15,69968,13,73095,15,79377,18,91248,9,86585,17,86918
5,60597,4,62241,5,63698,10,68375,5,68408,7,65113,5,65724,3,66169,4,64249,5,64787,12,63544,8,62232,11,63323,11,62043,5,59716,15,58156,12,57147,12,61598,18,60671,13,61265,16,64798,19,65835,13,67747,17,70640,14,76868,20,88160,15,83606
5,57765,5,58582,4,60037,2,61482,7,65604,5,65589,3,62606,6,63438,4,63479,8,61305,6,61780,5,60674,8,59233,12,60429,12,59006,10,56737,13,55329,15,54293,16,58596,11,58706,12,59295,10,62657,15,63742,13,65501,11,68382,13,74283,17,85175
6,53666,5,54697,2,55387,2,56901,8,58202,6,62153,2,62087,4,59525,6,60339,9,60625,12,58630,7,59308,4,58181,8,57160,6,58373,7,57153,7,55117,13,53913,8,52931,10,56391,6,56532,12,57049,16,60281,11,61196,17,62936,11,65707,12,71338
2,49494,4,50521,4,51381,3,52188,6,53570,9,54859,2,58639,6,58772,5,56875,5,57241,6,57625,1,55729,5,56405,9,55495,3,54546,13,55787,12,54776,13,52864,14,51896,8,50835,9,54145,12,54378,11,54768,8,57871,10,58807,9,60476,7,63007
3,45947,4,47679,7,48303,3,49081,4,49588,7,50702,5,51737,9,55291,11,54981,6,53932,7,54271,8,54787,7,52799,6,53602,7,52717,7,52003,8,53068,11,52192,8,50568,8,49667,8,48686,10,51733,11,52188,10,52277,8,55368,13,56343,6,57826
2,41195,1,42606,3,44091,4,44814,2,45461,4,45972,3,47006,7,48137,2,51328,7,51614,4,50894,7,51219,11,51786,3,50097,5,50690,8,50254,6,49554,3,50665,4,49483,9,48168,9,47397,5,46388,5,49293,9,49699,8,49838,13,52676,11,53691
2,35983,4,37621,2,38992,1,40744,1,41672,6,42504,1,43408,3,44770,3,46269,3,47805,6,48090,2,47408,7,47643,11,48374,5,46725,6,47370,5,46817,4,46189,3,47578,6,46792,8,45622,5,44914,4,43947,5,46649,8,47155,5,47209,9,50026
4,31385,2,32852,2,34285,2,35597,2,37068,3,37667,0,38499,6,39171,2,39649,4,42950,3,44372,6,44782,2,44377,9,44701,10,45491,8,44024,11,44788,1,44336,6,43625,8,44728,8,43937,4,42744,5,42214,10,41334,6,43770,4,44345,5,44375
2,27995,1,28840,2,30317,2,31953,1,33239,3,34633,4,35488,1,36348,5,37359,3,36523,5,39677,7,41134,10,41421,4,41209,5,41342,10,42345,3,40948,3,41789,9,41546,5,40835,6,41926,13,41119,3,40007,10,39520,5,38699,5,41074,6,41638
0,24892,0,25365,0,26002,2,27342,1,28661,2,29569,3,30796,1,31372,1,32009,5,34048,3,33224,4,36145,3,37488,5,38008,2,37825,6,38006,3,38984,4,37850,5,38367,7,38523,7,37823,6,38788,2,38166,5,36934,7,36691,6,35778,1,38053
1,21350,0,21984,0,22488,1,23294,1,24553,1,25737,0,26803,2,27981,2,28462,0,28873,2,30680,1,29974,1,32631,6,33941,4,34469,6,34497,7,34492,5,35559,4,34717,7,35228,4,35530,4,34747,5,35801,10,35248,7,33917,3,33738,5,33067