Title: colon  MF  NHW,,,,,,,,,,,,,,,,,,,,,,,,,,,,
"Description:  ",,,,,,,,,,,,,,,,,,,,,,,,,,,,
Start Year: 1992,,,,,,,,,,,,,,,,,,,,,,,,,,,,
Start Age: 35,,,,,,,,,,,,,,,,,,,,,,,,,,,,
Interval (Years): 1,,,,,,,,,,,,,,,,,,,,,,,,,,,,
12.000000, 369380.000000, 8.000000, 366180.000000, 8.000000, 361221.000000, 6.000000, 362313.000000, 10.000000, 356458.000000, 7.000000, 355432.000000, 9.000000, 341872.000000, 14.000000, 331744.000000, 6.000000, 311974.000000, 9.000000, 283012.000000, 13.000000, 272898.000000, 7.000000, 269218.000000, 8.000000, 273302.000000, 15.000000, 290114.000000, 11.000000, 271070.000000, 11.000000, 247429.000000, 13.000000, 229314.000000, 9.000000, 225480.000000, 9.000000, 234205.000000, 11.000000, 226448.000000, 12.000000, 236561.000000, 8.000000, 240276.000000, 12.000000, 245814.000000, 16.000000, 261279.000000, 15.000000, 259229.000000, 12.000000, 264042.000000, 21.000000, 262708.000000, 10.000000, 260045.000000, 21.000000, 265031.000000
7.000000, 346296.000000, 6.000000, 357712.000000, 12.000000, 353204.000000, 11.000000, 348000.000000, 6.000000, 348666.000000, 11.000000, 343959.000000, 13.000000, 342212.000000, 14.000000, 327619.000000, 8.000000, 319049.000000, 13.000000, 309582.000000, 10.000000, 279696.000000, 17.000000, 269664.000000, 12.000000, 266073.000000, 5.000000, 270451.000000, 13.000000, 287521.000000, 5.000000, 268235.000000, 12.000000, 245259.000000, 10.000000, 227496.000000, 5.000000, 224131.000000, 8.000000, 233929.000000, 12.000000, 226485.000000, 10.000000, 235935.000000, 14.000000, 239404.000000, 17.000000, 245425.000000, 14.000000, 260583.000000, 21.000000, 257998.000000, 17.000000, 262014.000000, 18.000000, 260576.000000, 21.000000, 257461.000000
15.000000, 348091.000000, 6.000000, 345590.000000, 16.000000, 355488.000000, 12.000000, 350521.000000, 16.000000, 344689.000000, 17.000000, 346283.000000, 14.000000, 340776.000000, 12.000000, 337302.000000, 11.000000, 323081.000000, 6.000000, 316583.000000, 8.000000, 305760.000000, 8.000000, 276258.000000, 8.000000, 266849.000000, 12.000000, 263890.000000, 15.000000, 268278.000000, 11.000000, 284645.000000, 15.000000, 266083.000000, 8.000000, 243242.000000, 9.000000, 226483.000000, 13.000000, 223998.000000, 16.000000, 234111.000000, 11.000000, 226075.000000, 18.000000, 235382.000000, 18.000000, 239051.000000, 15.000000, 244880.000000, 24.000000, 259499.000000, 12.000000, 256625.000000, 20.000000, 260057.000000, 19.000000, 258261.000000
13.000000, 327526.000000, 16.000000, 331864.000000, 8.000000, 330422.000000, 10.000000, 341843.000000, 13.000000, 338707.000000, 16.000000, 336204.000000, 15.000000, 339374.000000, 8.000000, 334544.000000, 17.000000, 330412.000000, 14.000000, 320644.000000, 16.000000, 313287.000000, 17.000000, 302374.000000, 19.000000, 273791.000000, 12.000000, 264860.000000, 14.000000, 262393.000000, 14.000000, 265816.000000, 19.000000, 283118.000000, 11.000000, 264635.000000, 15.000000, 242112.000000, 14.000000, 226453.000000, 14.000000, 223975.000000, 15.000000, 233938.000000, 20.000000, 225676.000000, 14.000000, 235070.000000, 13.000000, 238678.000000, 27.000000, 244019.000000, 27.000000, 258211.000000, 18.000000, 254477.000000, 24.000000, 257825.000000
21.000000, 346408.000000, 22.000000, 350455.000000, 26.000000, 350701.000000, 27.000000, 346161.000000, 16.000000, 354420.000000, 22.000000, 349263.000000, 11.000000, 343240.000000, 19.000000, 341726.000000, 15.000000, 336395.000000, 20.000000, 327224.000000, 18.000000, 317165.000000, 11.000000, 309765.000000, 13.000000, 299768.000000, 16.000000, 271371.000000, 17.000000, 263287.000000, 14.000000, 260741.000000, 22.000000, 264745.000000, 19.000000, 282001.000000, 18.000000, 265590.000000, 19.000000, 242031.000000, 16.000000, 226206.000000, 18.000000, 223581.000000, 18.000000, 233377.000000, 17.000000, 225066.000000, 21.000000, 234646.000000, 15.000000, 237847.000000, 22.000000, 243074.000000, 28.000000, 256505.000000, 21.000000, 252689.000000
12.000000, 334237.000000, 14.000000, 337014.000000, 21.000000, 342326.000000, 22.000000, 345148.000000, 22.000000, 342934.000000, 21.000000, 355133.000000, 19.000000, 352594.000000, 25.000000, 347671.000000, 22.000000, 343925.000000, 20.000000, 333347.000000, 21.000000, 323418.000000, 23.000000, 313514.000000, 15.000000, 306859.000000, 26.000000, 297252.000000, 26.000000, 269497.000000, 19.000000, 261420.000000, 17.000000, 259023.000000, 22.000000, 263362.000000, 20.000000, 277671.000000, 16.000000, 265341.000000, 21.000000, 241977.000000, 16.000000, 225929.000000, 23.000000, 223149.000000, 27.000000, 233182.000000, 18.000000, 224805.000000, 28.000000, 234005.000000, 23.000000, 236726.000000, 18.000000, 241591.000000, 29.000000, 254917.000000
20.000000, 308799.000000, 12.000000, 320814.000000, 21.000000, 321651.000000, 22.000000, 326203.000000, 21.000000, 328027.000000, 20.000000, 326465.000000, 23.000000, 337130.000000, 23.000000, 332518.000000, 29.000000, 330160.000000, 30.000000, 341741.000000, 23.000000, 330712.000000, 21.000000, 320834.000000, 13.000000, 311746.000000, 20.000000, 305832.000000, 20.000000, 296373.000000, 19.000000, 269028.000000, 24.000000, 261348.000000, 29.000000, 259320.000000, 28.000000, 264420.000000, 20.000000, 276405.000000, 22.000000, 264195.000000, 22.000000, 240748.000000, 22.000000, 224403.000000, 20.000000, 221941.000000, 31.000000, 231810.000000, 29.000000, 223139.000000, 24.000000, 231656.000000, 17.000000, 234313.000000, 22.000000, 238913.000000
19.000000, 310204.000000, 27.000000, 307736.000000, 28.000000, 319390.000000, 22.000000, 321104.000000, 25.000000, 326501.000000, 28.000000, 330382.000000, 27.000000, 329519.000000, 23.000000, 339754.000000, 25.000000, 335043.000000, 21.000000, 327213.000000, 26.000000, 337987.000000, 28.000000, 327030.000000, 36.000000, 317197.000000, 30.000000, 308554.000000, 27.000000, 302820.000000, 28.000000, 293413.000000, 24.000000, 266340.000000, 19.000000, 259036.000000, 29.000000, 256555.000000, 31.000000, 264005.000000, 21.000000, 276234.000000, 30.000000, 263713.000000, 28.000000, 240307.000000, 21.000000, 223827.000000, 32.000000, 221242.000000, 23.000000, 230887.000000, 23.000000, 221987.000000, 19.000000, 229969.000000, 27.000000, 232630.000000
31.000000, 301968.000000, 31.000000, 303756.000000, 26.000000, 300767.000000, 22.000000, 312822.000000, 26.000000, 315132.000000, 23.000000, 322199.000000, 27.000000, 326510.000000, 35.000000, 324936.000000, 23.000000, 334572.000000, 27.000000, 332584.000000, 31.000000, 324397.000000, 25.000000, 335437.000000, 29.000000, 325103.000000, 32.000000, 315641.000000, 41.000000, 307841.000000, 31.000000, 301975.000000, 25.000000, 293046.000000, 23.000000, 266323.000000, 30.000000, 259473.000000, 34.000000, 256019.000000, 36.000000, 263444.000000, 33.000000, 274991.000000, 33.000000, 262690.000000, 35.000000, 239244.000000, 33.000000, 223105.000000, 29.000000, 220006.000000, 40.000000, 229098.000000, 37.000000, 220081.000000, 35.000000, 228157.000000
29.000000, 317254.000000, 29.000000, 310651.000000, 32.000000, 310135.000000, 26.000000, 305884.000000, 30.000000, 316878.000000, 26.000000, 319210.000000, 36.000000, 324901.000000, 34.000000, 326681.000000, 39.000000, 324541.000000, 35.000000, 331924.000000, 37.000000, 328676.000000, 41.000000, 320439.000000, 35.000000, 330853.000000, 36.000000, 320635.000000, 41.000000, 311214.000000, 44.000000, 303303.000000, 29.000000, 297413.000000, 27.000000, 288141.000000, 22.000000, 263405.000000, 29.000000, 258863.000000, 34.000000, 255606.000000, 32.000000, 262459.000000, 37.000000, 273901.000000, 47.000000, 261404.000000, 27.000000, 238262.000000, 44.000000, 222036.000000, 38.000000, 218502.000000, 35.000000, 227333.000000, 28.000000, 218267.000000
40.000000, 345631.000000, 28.000000, 309397.000000, 27.000000, 303865.000000, 23.000000, 305316.000000, 27.000000, 303174.000000, 37.000000, 317497.000000, 47.000000, 321970.000000, 42.000000, 328705.000000, 33.000000, 329449.000000, 31.000000, 321530.000000, 42.000000, 328137.000000, 35.000000, 324494.000000, 30.000000, 316185.000000, 47.000000, 326235.000000, 49.000000, 316160.000000, 33.000000, 306853.000000, 41.000000, 298672.000000, 41.000000, 292590.000000, 40.000000, 283248.000000, 48.000000, 262723.000000, 43.000000, 258375.000000, 46.000000, 254628.000000, 33.000000, 261346.000000, 41.000000, 272550.000000, 31.000000, 260126.000000, 47.000000, 236900.000000, 41.000000, 220647.000000, 33.000000, 216922.000000, 30.000000, 225456.000000
19.000000, 234300.000000, 35.000000, 332259.000000, 42.000000, 296531.000000, 35.000000, 291668.000000, 37.000000, 293610.000000, 38.000000, 293105.000000, 30.000000, 307258.000000, 51.000000, 310782.000000, 35.000000, 318794.000000, 50.000000, 326904.000000, 44.000000, 319078.000000, 56.000000, 326082.000000, 51.000000, 323024.000000, 46.000000, 315195.000000, 41.000000, 326400.000000, 30.000000, 316364.000000, 38.000000, 307729.000000, 50.000000, 299963.000000, 40.000000, 294457.000000, 31.000000, 282395.000000, 36.000000, 262098.000000, 36.000000, 257476.000000, 50.000000, 253907.000000, 41.000000, 260557.000000, 46.000000, 271567.000000, 50.000000, 258936.000000, 50.000000, 235265.000000, 50.000000, 219048.000000, 35.000000, 215408.000000
37.000000, 244641.000000, 46.000000, 233462.000000, 42.000000, 330604.000000, 35.000000, 295608.000000, 36.000000, 291590.000000, 40.000000, 295376.000000, 47.000000, 295458.000000, 66.000000, 309154.000000, 47.000000, 312575.000000, 53.000000, 316275.000000, 41.000000, 324125.000000, 50.000000, 316825.000000, 56.000000, 324020.000000, 56.000000, 321505.000000, 48.000000, 314248.000000, 53.000000, 325530.000000, 47.000000, 315933.000000, 40.000000, 307587.000000, 56.000000, 299722.000000, 51.000000, 293312.000000, 44.000000, 281478.000000, 39.000000, 261100.000000, 49.000000, 256079.000000, 59.000000, 252697.000000, 49.000000, 259176.000000, 62.000000, 269724.000000, 53.000000, 256864.000000, 47.000000, 233032.000000, 35.000000, 216774.000000
36.000000, 235466.000000, 53.000000, 234745.000000, 35.000000, 224105.000000, 50.000000, 319038.000000, 46.000000, 286722.000000, 53.000000, 285345.000000, 42.000000, 290263.000000, 46.000000, 290672.000000, 49.000000, 303765.000000, 70.000000, 309922.000000, 54.000000, 313017.000000, 57.000000, 320791.000000, 62.000000, 313647.000000, 57.000000, 320697.000000, 50.000000, 318850.000000, 67.000000, 311657.000000, 49.000000, 322585.000000, 47.000000, 313241.000000, 50.000000, 305065.000000, 54.000000, 298836.000000, 63.000000, 292699.000000, 42.000000, 280279.000000, 49.000000, 259869.000000, 52.000000, 255125.000000, 47.000000, 251491.000000, 57.000000, 257557.000000, 63.000000, 267859.000000, 43.000000, 254944.000000, 44.000000, 231030.000000
54.000000, 267182.000000, 39.000000, 248922.000000, 43.000000, 245786.000000, 42.000000, 233507.000000, 50.000000, 330693.000000, 52.000000, 296688.000000, 58.000000, 293531.000000, 59.000000, 295809.000000, 50.000000, 295899.000000, 71.000000, 301292.000000, 64.000000, 307210.000000, 55.000000, 310289.000000, 64.000000, 318471.000000, 69.000000, 311364.000000, 77.000000, 319173.000000, 55.000000, 317324.000000, 60.000000, 310705.000000, 61.000000, 321629.000000, 56.000000, 313076.000000, 59.000000, 303456.000000, 60.000000, 297453.000000, 59.000000, 290760.000000, 60.000000, 278537.000000, 45.000000, 258207.000000, 62.000000, 253370.000000, 58.000000, 249282.000000, 50.000000, 255283.000000, 65.000000, 265175.000000, 69.000000, 252200.000000
46.000000, 223398.000000, 40.000000, 260906.000000, 52.000000, 243847.000000, 54.000000, 242636.000000, 48.000000, 232281.000000, 72.000000, 332420.000000, 74.000000, 300306.000000, 64.000000, 297918.000000, 84.000000, 296928.000000, 62.000000, 292710.000000, 59.000000, 297587.000000, 87.000000, 303314.000000, 86.000000, 306240.000000, 93.000000, 314230.000000, 96.000000, 307207.000000, 104.000000, 315169.000000, 106.000000, 313050.000000, 105.000000, 306480.000000, 92.000000, 315996.000000, 100.000000, 312018.000000, 127.000000, 302463.000000, 106.000000, 295938.000000, 111.000000, 289048.000000, 123.000000, 276843.000000, 98.000000, 256444.000000, 120.000000, 251629.000000, 112.000000, 247099.000000, 136.000000, 253027.000000, 107.000000, 262514.000000
65.000000, 203509.000000, 56.000000, 212881.000000, 62.000000, 248096.000000, 67.000000, 231931.000000, 62.000000, 231098.000000, 58.000000, 221936.000000, 91.000000, 318240.000000, 67.000000, 286053.000000, 73.000000, 285964.000000, 68.000000, 294171.000000, 105.000000, 290224.000000, 97.000000, 295591.000000, 92.000000, 302066.000000, 88.000000, 305509.000000, 97.000000, 314489.000000, 78.000000, 307958.000000, 97.000000, 316702.000000, 103.000000, 315128.000000, 81.000000, 309060.000000, 96.000000, 314338.000000, 82.000000, 310530.000000, 97.000000, 300653.000000, 113.000000, 294043.000000, 105.000000, 287116.000000, 100.000000, 274983.000000, 85.000000, 254367.000000, 87.000000, 249356.000000, 106.000000, 244460.000000, 84.000000, 250141.000000
41.000000, 193951.000000, 57.000000, 201522.000000, 41.000000, 210859.000000, 63.000000, 246621.000000, 62.000000, 231310.000000, 65.000000, 231670.000000, 58.000000, 223419.000000, 74.000000, 319842.000000, 88.000000, 289107.000000, 71.000000, 282932.000000, 76.000000, 290511.000000, 75.000000, 286336.000000, 89.000000, 291669.000000, 81.000000, 297738.000000, 72.000000, 301648.000000, 82.000000, 310158.000000, 91.000000, 303751.000000, 94.000000, 312457.000000, 85.000000, 311354.000000, 76.000000, 307261.000000, 80.000000, 312956.000000, 87.000000, 308516.000000, 107.000000, 298549.000000, 92.000000, 291825.000000, 92.000000, 284867.000000, 89.000000, 272504.000000, 88.000000, 251914.000000, 85.000000, 246852.000000, 81.000000, 241443.000000
74.000000, 191307.000000, 74.000000, 192571.000000, 45.000000, 199311.000000, 57.000000, 208490.000000, 83.000000, 243813.000000, 65.000000, 229006.000000, 64.000000, 229538.000000, 68.000000, 220060.000000, 99.000000, 311511.000000, 101.000000, 285698.000000, 82.000000, 279633.000000, 93.000000, 287358.000000, 83.000000, 283470.000000, 104.000000, 288928.000000, 79.000000, 295670.000000, 111.000000, 299768.000000, 84.000000, 308708.000000, 97.000000, 302347.000000, 90.000000, 311015.000000, 91.000000, 309838.000000, 82.000000, 305707.000000, 78.000000, 310756.000000, 113.000000, 306326.000000, 98.000000, 296444.000000, 97.000000, 289699.000000, 91.000000, 282246.000000, 71.000000, 270056.000000, 69.000000, 249291.000000, 68.000000, 244121.000000
78.000000, 190483.000000, 61.000000, 193129.000000, 62.000000, 194538.000000, 70.000000, 202148.000000, 68.000000, 212463.000000, 82.000000, 250119.000000, 82.000000, 236005.000000, 80.000000, 236496.000000, 95.000000, 229864.000000, 124.000000, 307882.000000, 94.000000, 282211.000000, 100.000000, 276648.000000, 99.000000, 284953.000000, 101.000000, 281505.000000, 91.000000, 287946.000000, 93.000000, 295143.000000, 101.000000, 300208.000000, 108.000000, 309324.000000, 108.000000, 303037.000000, 88.000000, 308922.000000, 91.000000, 307762.000000, 108.000000, 303439.000000, 100.000000, 308265.000000, 105.000000, 304044.000000, 95.000000, 294044.000000, 93.000000, 286977.000000, 68.000000, 279561.000000, 83.000000, 267244.000000, 66.000000, 246352.000000
103.000000, 174858.000000, 77.000000, 183648.000000, 72.000000, 186163.000000, 85.000000, 188026.000000, 77.000000, 195932.000000, 75.000000, 207164.000000, 93.000000, 244524.000000, 94.000000, 230273.000000, 92.000000, 228276.000000, 88.000000, 226759.000000, 117.000000, 303189.000000, 126.000000, 277325.000000, 98.000000, 271897.000000, 103.000000, 279986.000000, 101.000000, 276705.000000, 102.000000, 283155.000000, 102.000000, 290122.000000, 108.000000, 295066.000000, 96.000000, 303966.000000, 75.000000, 301131.000000, 102.000000, 307012.000000, 98.000000, 305379.000000, 94.000000, 301001.000000, 99.000000, 306008.000000, 75.000000, 301252.000000, 95.000000, 291144.000000, 109.000000, 283909.000000, 90.000000, 276377.000000, 77.000000, 263944.000000
93.000000, 174405.000000, 85.000000, 174466.000000, 88.000000, 181943.000000, 93.000000, 183700.000000, 94.000000, 184792.000000, 102.000000, 192508.000000, 94.000000, 202502.000000, 107.000000, 237464.000000, 100.000000, 224121.000000, 98.000000, 225104.000000, 107.000000, 223922.000000, 127.000000, 300005.000000, 97.000000, 274560.000000, 111.000000, 269895.000000, 105.000000, 278881.000000, 115.000000, 276129.000000, 111.000000, 283144.000000, 122.000000, 290926.000000, 126.000000, 295868.000000, 97.000000, 301960.000000, 107.000000, 298841.000000, 108.000000, 304476.000000, 82.000000, 302495.000000, 96.000000, 298134.000000, 91.000000, 302896.000000, 101.000000, 298038.000000, 98.000000, 287669.000000, 94.000000, 280100.000000, 88.000000, 272297.000000
93.000000, 177331.000000, 78.000000, 172099.000000, 89.000000, 171733.000000, 95.000000, 179245.000000, 87.000000, 180956.000000, 104.000000, 182788.000000, 93.000000, 190206.000000, 104.000000, 199650.000000, 122.000000, 232051.000000, 93.000000, 220910.000000, 104.000000, 221866.000000, 103.000000, 220691.000000, 152.000000, 295900.000000, 106.000000, 270402.000000, 113.000000, 266579.000000, 93.000000, 275646.000000, 106.000000, 273067.000000, 102.000000, 280341.000000, 115.000000, 287926.000000, 102.000000, 293694.000000, 102.000000, 299519.000000, 101.000000, 296006.000000, 123.000000, 301283.000000, 124.000000, 299228.000000, 115.000000, 294630.000000, 103.000000, 299075.000000, 86.000000, 293718.000000, 85.000000, 283366.000000, 73.000000, 275576.000000
86.000000, 157740.000000, 99.000000, 167471.000000, 110.000000, 163112.000000, 106.000000, 163965.000000, 111.000000, 172207.000000, 109.000000, 175655.000000, 104.000000, 178371.000000, 117.000000, 186423.000000, 99.000000, 198506.000000, 131.000000, 228318.000000, 102.000000, 217106.000000, 107.000000, 218238.000000, 100.000000, 217241.000000, 136.000000, 291871.000000, 121.000000, 266748.000000, 119.000000, 263798.000000, 110.000000, 273084.000000, 100.000000, 271075.000000, 107.000000, 278325.000000, 99.000000, 285404.000000, 105.000000, 291416.000000, 104.000000, 296740.000000, 116.000000, 293189.000000, 112.000000, 298428.000000, 105.000000, 296151.000000, 101.000000, 291477.000000, 102.000000, 295513.000000, 114.000000, 289912.000000, 78.000000, 279584.000000
125.000000, 163423.000000, 94.000000, 161801.000000, 121.000000, 170279.000000, 103.000000, 165051.000000, 101.000000, 164922.000000, 122.000000, 172882.000000, 120.000000, 175119.000000, 114.000000, 176462.000000, 109.000000, 182213.000000, 107.000000, 194882.000000, 112.000000, 224363.000000, 117.000000, 213099.000000, 104.000000, 214249.000000, 122.000000, 213517.000000, 138.000000, 287548.000000, 120.000000, 262465.000000, 149.000000, 260165.000000, 117.000000, 269760.000000, 111.000000, 268727.000000, 124.000000, 275617.000000, 113.000000, 282917.000000, 98.000000, 288463.000000, 113.000000, 293354.000000, 126.000000, 289798.000000, 102.000000, 294974.000000, 95.000000, 292021.000000, 106.000000, 287513.000000, 127.000000, 291153.000000, 77.000000, 285286.000000
123.000000, 162768.000000, 124.000000, 158244.000000, 105.000000, 157245.000000, 114.000000, 166623.000000, 131.000000, 162454.000000, 121.000000, 163878.000000, 112.000000, 172783.000000, 119.000000, 175598.000000, 121.000000, 176483.000000, 118.000000, 178611.000000, 137.000000, 190938.000000, 134.000000, 219622.000000, 118.000000, 208306.000000, 132.000000, 209332.000000, 128.000000, 208742.000000, 146.000000, 281197.000000, 130.000000, 256661.000000, 141.000000, 254332.000000, 109.000000, 262542.000000, 116.000000, 265783.000000, 121.000000, 273009.000000, 97.000000, 279616.000000, 141.000000, 284826.000000, 122.000000, 289798.000000, 124.000000, 285853.000000, 128.000000, 290818.000000, 130.000000, 287508.000000, 130.000000, 282903.000000, 102.000000, 286095.000000
154.000000, 166950.000000, 134.000000, 156996.000000, 138.000000, 151788.000000, 125.000000, 150687.000000, 117.000000, 159494.000000, 123.000000, 155594.000000, 137.000000, 156597.000000, 124.000000, 164281.000000, 132.000000, 166844.000000, 133.000000, 173313.000000, 136.000000, 175738.000000, 117.000000, 188242.000000, 144.000000, 217015.000000, 128.000000, 206088.000000, 113.000000, 208418.000000, 126.000000, 208241.000000, 155.000000, 281827.000000, 151.000000, 257907.000000, 136.000000, 256198.000000, 100.000000, 259661.000000, 136.000000, 262676.000000, 116.000000, 269629.000000, 130.000000, 276097.000000, 140.000000, 280797.000000, 129.000000, 285744.000000, 106.000000, 281504.000000, 122.000000, 285820.000000, 117.000000, 282599.000000, 115.000000, 277773.000000
142.000000, 166406.000000, 156.000000, 163442.000000, 147.000000, 153408.000000, 121.000000, 148622.000000, 130.000000, 148014.000000, 147.000000, 157181.000000, 121.000000, 153560.000000, 141.000000, 154351.000000, 142.000000, 161902.000000, 139.000000, 163424.000000, 136.000000, 169604.000000, 140.000000, 172313.000000, 148.000000, 184781.000000, 153.000000, 213312.000000, 117.000000, 202787.000000, 120.000000, 205738.000000, 113.000000, 205735.000000, 155.000000, 279569.000000, 156.000000, 256335.000000, 122.000000, 253164.000000, 100.000000, 256502.000000, 119.000000, 259112.000000, 123.000000, 265782.000000, 130.000000, 272294.000000, 125.000000, 276487.000000, 139.000000, 281165.000000, 114.000000, 276486.000000, 126.000000, 280631.000000, 102.000000, 277328.000000
164.000000, 165889.000000, 153.000000, 165324.000000, 177.000000, 161800.000000, 144.000000, 151924.000000, 132.000000, 147263.000000, 127.000000, 146878.000000, 140.000000, 155964.000000, 131.000000, 151763.000000, 160.000000, 151776.000000, 146.000000, 158079.000000, 149.000000, 159589.000000, 125.000000, 165669.000000, 139.000000, 167912.000000, 148.000000, 180067.000000, 167.000000, 208212.000000, 131.000000, 198004.000000, 154.000000, 200872.000000, 124.000000, 201034.000000, 170.000000, 273727.000000, 155.000000, 252767.000000, 132.000000, 249799.000000, 137.000000, 252918.000000, 155.000000, 255014.000000, 149.000000, 261636.000000, 136.000000, 267603.000000, 111.000000, 271848.000000, 147.000000, 276011.000000, 132.000000, 271048.000000, 113.000000, 274853.000000
186.000000, 170903.000000, 163.000000, 164075.000000, 176.000000, 162680.000000, 148.000000, 158989.000000, 141.000000, 149137.000000, 182.000000, 144443.000000, 165.000000, 143827.000000, 157.000000, 151866.000000, 139.000000, 147062.000000, 159.000000, 148616.000000, 167.000000, 155027.000000, 126.000000, 156587.000000, 113.000000, 162786.000000, 131.000000, 164926.000000, 150.000000, 177765.000000, 159.000000, 205892.000000, 142.000000, 195675.000000, 153.000000, 198926.000000, 111.000000, 198161.000000, 183.000000, 268671.000000, 146.000000, 248267.000000, 136.000000, 244866.000000, 141.000000, 247445.000000, 140.000000, 249588.000000, 132.000000, 256043.000000, 132.000000, 261141.000000, 143.000000, 265329.000000, 139.000000, 268849.000000, 117.000000, 263737.000000
191.000000, 164337.000000, 181.000000, 164739.000000, 164.000000, 158159.000000, 182.000000, 157732.000000, 194.000000, 154646.000000, 161.000000, 145865.000000, 147.000000, 140985.000000, 147.000000, 139226.000000, 187.000000, 147608.000000, 159.000000, 143835.000000, 148.000000, 145636.000000, 158.000000, 152150.000000, 152.000000, 153347.000000, 163.000000, 159932.000000, 194.000000, 161929.000000, 162.000000, 175205.000000, 182.000000, 203626.000000, 169.000000, 193568.000000, 135.000000, 196130.000000, 168.000000, 195344.000000, 200.000000, 264740.000000, 174.000000, 244275.000000, 145.000000, 241022.000000, 141.000000, 243591.000000, 174.000000, 245476.000000, 144.000000, 251537.000000, 153.000000, 256245.000000, 145.000000, 260095.000000, 128.000000, 263108.000000
234.000000, 160957.000000, 213.000000, 160103.000000, 209.000000, 161987.000000, 178.000000, 155888.000000, 186.000000, 155168.000000, 171.000000, 151775.000000, 183.000000, 143137.000000, 174.000000, 138959.000000, 179.000000, 136056.000000, 187.000000, 144078.000000, 181.000000, 140672.000000, 181.000000, 142572.000000, 160.000000, 148864.000000, 163.000000, 150312.000000, 153.000000, 156256.000000, 143.000000, 158884.000000, 194.000000, 172405.000000, 146.000000, 200949.000000, 160.000000, 191160.000000, 125.000000, 192633.000000, 132.000000, 191656.000000, 187.000000, 259738.000000, 149.000000, 239343.000000, 142.000000, 236014.000000, 158.000000, 238608.000000, 162.000000, 240306.000000, 149.000000, 245878.000000, 141.000000, 250310.000000, 140.000000, 253317.000000
238.000000, 164170.000000, 239.000000, 157846.000000, 243.000000, 156305.000000, 234.000000, 157226.000000, 189.000000, 151521.000000, 207.000000, 150914.000000, 187.000000, 148443.000000, 180.000000, 140596.000000, 178.000000, 136072.000000, 183.000000, 133154.000000, 162.000000, 140851.000000, 153.000000, 137690.000000, 162.000000, 139195.000000, 159.000000, 145520.000000, 180.000000, 146824.000000, 154.000000, 153021.000000, 166.000000, 155495.000000, 150.000000, 169225.000000, 152.000000, 196666.000000, 142.000000, 188180.000000, 132.000000, 189650.000000, 134.000000, 188607.000000, 172.000000, 255138.000000, 153.000000, 235172.000000, 178.000000, 232002.000000, 135.000000, 234405.000000, 153.000000, 235969.000000, 149.000000, 241197.000000, 123.000000, 245085.000000
233.000000, 156410.000000, 237.000000, 155717.000000, 223.000000, 148676.000000, 200.000000, 148362.000000, 205.000000, 150643.000000, 200.000000, 144864.000000, 203.000000, 144702.000000, 203.000000, 142180.000000, 198.000000, 136464.000000, 171.000000, 132941.000000, 181.000000, 130147.000000, 142.000000, 137781.000000, 182.000000, 134674.000000, 167.000000, 136391.000000, 163.000000, 142237.000000, 188.000000, 143808.000000, 162.000000, 150253.000000, 141.000000, 152780.000000, 143.000000, 166793.000000, 175.000000, 192798.000000, 143.000000, 184573.000000, 147.000000, 185774.000000, 149.000000, 184314.000000, 169.000000, 249249.000000, 148.000000, 229722.000000, 163.000000, 226421.000000, 168.000000, 228647.000000, 166.000000, 230056.000000, 130.000000, 234351.000000
277.000000, 156535.000000, 245.000000, 156790.000000, 215.000000, 155218.000000, 252.000000, 149189.000000, 227.000000, 147873.000000, 204.000000, 148183.000000, 232.000000, 142484.000000, 237.000000, 141954.000000, 217.000000, 137835.000000, 190.000000, 133284.000000, 193.000000, 130067.000000, 191.000000, 127187.000000, 180.000000, 134862.000000, 159.000000, 132179.000000, 174.000000, 133454.000000, 176.000000, 139699.000000, 175.000000, 141347.000000, 145.000000, 148112.000000, 141.000000, 151134.000000, 150.000000, 163451.000000, 166.000000, 188992.000000, 155.000000, 180945.000000, 142.000000, 181943.000000, 148.000000, 180430.000000, 190.000000, 243708.000000, 158.000000, 224585.000000, 161.000000, 221061.000000, 149.000000, 223464.000000, 149.000000, 224318.000000
279.000000, 156949.000000, 262.000000, 149575.000000, 244.000000, 150218.000000, 235.000000, 149677.000000, 234.000000, 143248.000000, 249.000000, 142571.000000, 209.000000, 144763.000000, 241.000000, 139459.000000, 225.000000, 139293.000000, 232.000000, 134249.000000, 218.000000, 129765.000000, 194.000000, 126644.000000, 198.000000, 123610.000000, 164.000000, 131023.000000, 188.000000, 128154.000000, 182.000000, 129551.000000, 184.000000, 135474.000000, 164.000000, 137036.000000, 144.000000, 143011.000000, 147.000000, 148112.000000, 173.000000, 160130.000000, 188.000000, 184954.000000, 159.000000, 176979.000000, 159.000000, 177944.000000, 140.000000, 176480.000000, 190.000000, 237664.000000, 151.000000, 219178.000000, 166.000000, 215668.000000, 143.000000, 217310.000000
303.000000, 151747.000000, 297.000000, 151920.000000, 256.000000, 144571.000000, 281.000000, 144845.000000, 238.000000, 143545.000000, 235.000000, 137597.000000, 238.000000, 135987.000000, 215.000000, 137800.000000, 224.000000, 132615.000000, 222.000000, 135834.000000, 187.000000, 131213.000000, 217.000000, 127179.000000, 200.000000, 124047.000000, 180.000000, 121670.000000, 189.000000, 128830.000000, 195.000000, 126541.000000, 183.000000, 128275.000000, 189.000000, 134454.000000, 159.000000, 136082.000000, 153.000000, 140135.000000, 143.000000, 145159.000000, 136.000000, 156690.000000, 157.000000, 181128.000000, 138.000000, 173097.000000, 159.000000, 174223.000000, 132.000000, 172468.000000, 196.000000, 232162.000000, 180.000000, 214282.000000, 145.000000, 210420.000000
291.000000, 139408.000000, 280.000000, 147211.000000, 252.000000, 146447.000000, 256.000000, 139206.000000, 253.000000, 139598.000000, 287.000000, 138315.000000, 269.000000, 131399.000000, 266.000000, 131849.000000, 224.000000, 133123.000000, 227.000000, 128877.000000, 256.000000, 132109.000000, 219.000000, 127408.000000, 211.000000, 123500.000000, 186.000000, 120667.000000, 185.000000, 118115.000000, 178.000000, 125473.000000, 198.000000, 123153.000000, 186.000000, 125133.000000, 172.000000, 131286.000000, 166.000000, 133036.000000, 152.000000, 137135.000000, 172.000000, 142038.000000, 165.000000, 153100.000000, 168.000000, 176964.000000, 166.000000, 169054.000000, 150.000000, 169884.000000, 142.000000, 168296.000000, 189.000000, 226195.000000, 138.000000, 208382.000000
291.000000, 131768.000000, 318.000000, 134263.000000, 289.000000, 141804.000000, 286.000000, 142617.000000, 298.000000, 136551.000000, 306.000000, 137051.000000, 274.000000, 136067.000000, 294.000000, 131840.000000, 272.000000, 132184.000000, 212.000000, 129322.000000, 232.000000, 125199.000000, 234.000000, 128406.000000, 221.000000, 123821.000000, 197.000000, 120285.000000, 178.000000, 117307.000000, 200.000000, 115149.000000, 191.000000, 122456.000000, 160.000000, 120275.000000, 155.000000, 121956.000000, 144.000000, 128236.000000, 167.000000, 130000.000000, 141.000000, 133758.000000, 157.000000, 138579.000000, 159.000000, 149309.000000, 182.000000, 172501.000000, 149.000000, 164856.000000, 141.000000, 165737.000000, 137.000000, 163722.000000, 174.000000, 219474.000000
255.000000, 126015.000000, 286.000000, 128586.000000, 287.000000, 130723.000000, 310.000000, 138960.000000, 289.000000, 139320.000000, 294.000000, 132947.000000, 324.000000, 133874.000000, 276.000000, 134435.000000, 277.000000, 129544.000000, 290.000000, 128083.000000, 271.000000, 125195.000000, 225.000000, 121453.000000, 232.000000, 124407.000000, 214.000000, 120106.000000, 192.000000, 116478.000000, 185.000000, 113812.000000, 199.000000, 111776.000000, 175.000000, 119003.000000, 163.000000, 117406.000000, 173.000000, 118679.000000, 188.000000, 124924.000000, 147.000000, 126421.000000, 181.000000, 130110.000000, 148.000000, 134719.000000, 149.000000, 145172.000000, 183.000000, 167592.000000, 150.000000, 160051.000000, 139.000000, 160861.000000, 122.000000, 158392.000000
272.000000, 120588.000000, 298.000000, 122438.000000, 271.000000, 124625.000000, 281.000000, 127319.000000, 283.000000, 134882.000000, 294.000000, 135316.000000, 304.000000, 129474.000000, 309.000000, 130944.000000, 285.000000, 130853.000000, 271.000000, 124999.000000, 256.000000, 123420.000000, 244.000000, 120604.000000, 207.000000, 116706.000000, 225.000000, 119758.000000, 207.000000, 115127.000000, 158.000000, 111626.000000, 199.000000, 109034.000000, 180.000000, 107052.000000, 175.000000, 114382.000000, 167.000000, 114266.000000, 176.000000, 115535.000000, 131.000000, 121523.000000, 158.000000, 123130.000000, 146.000000, 126527.000000, 153.000000, 131057.000000, 126.000000, 141159.000000, 182.000000, 162822.000000, 133.000000, 155402.000000, 124.000000, 155813.000000
305.000000, 114219.000000, 322.000000, 115593.000000, 264.000000, 117048.000000, 276.000000, 119553.000000, 293.000000, 121789.000000, 336.000000, 129014.000000, 298.000000, 129166.000000, 305.000000, 124045.000000, 289.000000, 125635.000000, 285.000000, 126274.000000, 266.000000, 120763.000000, 259.000000, 119515.000000, 235.000000, 116864.000000, 222.000000, 113611.000000, 206.000000, 116599.000000, 232.000000, 112512.000000, 204.000000, 109274.000000, 181.000000, 107122.000000, 160.000000, 104662.000000, 173.000000, 110830.000000, 149.000000, 110727.000000, 156.000000, 111883.000000, 141.000000, 117676.000000, 133.000000, 119029.000000, 142.000000, 122312.000000, 131.000000, 126708.000000, 151.000000, 136528.000000, 146.000000, 157342.000000, 130.000000, 149807.000000
300.000000, 108464.000000, 296.000000, 109408.000000, 297.000000, 110369.000000, 275.000000, 112166.000000, 292.000000, 114253.000000, 277.000000, 116361.000000, 313.000000, 123103.000000, 317.000000, 123600.000000, 319.000000, 119677.000000, 304.000000, 120395.000000, 256.000000, 121355.000000, 272.000000, 116070.000000, 244.000000, 114786.000000, 234.000000, 112510.000000, 225.000000, 109164.000000, 206.000000, 112230.000000, 221.000000, 108482.000000, 206.000000, 105336.000000, 182.000000, 103507.000000, 149.000000, 101290.000000, 180.000000, 107136.000000, 148.000000, 107226.000000, 142.000000, 108154.000000, 153.000000, 113885.000000, 162.000000, 115192.000000, 146.000000, 118340.000000, 133.000000, 122616.000000, 149.000000, 131903.000000, 143.000000, 151510.000000
299.000000, 103742.000000, 286.000000, 106404.000000, 277.000000, 106560.000000, 296.000000, 107427.000000, 284.000000, 108478.000000, 289.000000, 109998.000000, 292.000000, 111398.000000, 324.000000, 117790.000000, 300.000000, 117267.000000, 293.000000, 114647.000000, 296.000000, 115421.000000, 287.000000, 116637.000000, 265.000000, 111326.000000, 249.000000, 110287.000000, 264.000000, 107935.000000, 224.000000, 105248.000000, 242.000000, 108033.000000, 193.000000, 104675.000000, 197.000000, 101646.000000, 190.000000, 99747.000000, 162.000000, 97692.000000, 170.000000, 103245.000000, 176.000000, 103460.000000, 164.000000, 103998.000000, 130.000000, 109609.000000, 122.000000, 110952.000000, 146.000000, 113960.000000, 148.000000, 117808.000000, 138.000000, 126309.000000
285.000000, 96201.000000, 277.000000, 98126.000000, 274.000000, 100417.000000, 293.000000, 101046.000000, 294.000000, 101694.000000, 284.000000, 102868.000000, 278.000000, 104234.000000, 278.000000, 106042.000000, 313.000000, 111849.000000, 312.000000, 111641.000000, 281.000000, 109454.000000, 273.000000, 110193.000000, 259.000000, 111403.000000, 222.000000, 106290.000000, 203.000000, 105314.000000, 208.000000, 103366.000000, 204.000000, 100810.000000, 185.000000, 103709.000000, 192.000000, 100223.000000, 160.000000, 97635.000000, 142.000000, 95979.000000, 143.000000, 93871.000000, 166.000000, 99311.000000, 137.000000, 99428.000000, 140.000000, 99906.000000, 148.000000, 105237.000000, 154.000000, 106734.000000, 167.000000, 109537.000000, 136.000000, 112648.000000
274.000000, 85795.000000, 307.000000, 89349.000000, 297.000000, 91323.000000, 247.000000, 94022.000000, 263.000000, 94982.000000, 292.000000, 95970.000000, 318.000000, 97786.000000, 266.000000, 100133.000000, 285.000000, 103186.000000, 286.000000, 105769.000000, 293.000000, 105456.000000, 254.000000, 103472.000000, 270.000000, 103888.000000, 249.000000, 105407.000000, 235.000000, 100325.000000, 214.000000, 99517.000000, 208.000000, 97581.000000, 171.000000, 95174.000000, 167.000000, 98162.000000, 167.000000, 95854.000000, 169.000000, 93422.000000, 159.000000, 91847.000000, 143.000000, 89904.000000, 152.000000, 94957.000000, 166.000000, 95284.000000, 148.000000, 95635.000000, 121.000000, 100763.000000, 139.000000, 102094.000000, 136.000000, 104556.000000
264.000000, 78069.000000, 248.000000, 80334.000000, 289.000000, 83306.000000, 236.000000, 84933.000000, 274.000000, 87201.000000, 259.000000, 87502.000000, 304.000000, 88321.000000, 270.000000, 89861.000000, 251.000000, 90298.000000, 275.000000, 97184.000000, 290.000000, 99731.000000, 273.000000, 99684.000000, 231.000000, 97965.000000, 234.000000, 98576.000000, 233.000000, 100217.000000, 220.000000, 95591.000000, 219.000000, 94856.000000, 216.000000, 93267.000000, 182.000000, 91018.000000, 203.000000, 93230.000000, 160.000000, 90988.000000, 176.000000, 88615.000000, 166.000000, 87339.000000, 166.000000, 85421.000000, 142.000000, 90107.000000, 146.000000, 90372.000000, 169.000000, 90852.000000, 149.000000, 95608.000000, 117.000000, 96415.000000
247.000000, 71097.000000, 217.000000, 72620.000000, 273.000000, 74768.000000, 262.000000, 77881.000000, 258.000000, 79595.000000, 229.000000, 81657.000000, 292.000000, 82343.000000, 237.000000, 83437.000000, 265.000000, 85749.000000, 234.000000, 84644.000000, 280.000000, 91255.000000, 270.000000, 93844.000000, 255.000000, 93461.000000, 255.000000, 92205.000000, 223.000000, 92567.000000, 220.000000, 94527.000000, 219.000000, 90115.000000, 198.000000, 89580.000000, 173.000000, 88316.000000, 209.000000, 86017.000000, 176.000000, 88134.000000, 145.000000, 85987.000000, 145.000000, 83795.000000, 129.000000, 82606.000000, 138.000000, 80783.000000, 152.000000, 85080.000000, 162.000000, 85483.000000, 120.000000, 85848.000000, 130.000000, 89890.000000
224.000000, 65880.000000, 233.000000, 66824.000000, 227.000000, 67928.000000, 239.000000, 69803.000000, 232.000000, 72478.000000, 272.000000, 73608.000000, 254.000000, 75446.000000, 250.000000, 75978.000000, 246.000000, 76382.000000, 235.000000, 79884.000000, 249.000000, 78683.000000, 240.000000, 85103.000000, 253.000000, 87584.000000, 249.000000, 87219.000000, 235.000000, 86364.000000, 226.000000, 86657.000000, 243.000000, 88788.000000, 187.000000, 84738.000000, 199.000000, 84053.000000, 186.000000, 83063.000000, 151.000000, 80924.000000, 171.000000, 82898.000000, 157.000000, 81035.000000, 160.000000, 78681.000000, 136.000000, 77670.000000, 137.000000, 75850.000000, 147.000000, 79976.000000, 142.000000, 80405.000000, 143.000000, 80318.000000
210.000000, 58989.000000, 215.000000, 60086.000000, 190.000000, 60925.000000, 210.000000, 62140.000000, 245.000000, 63968.000000, 219.000000, 66280.000000, 268.000000, 67620.000000, 216.000000, 69500.000000, 230.000000, 69758.000000, 232.000000, 70163.000000, 211.000000, 73327.000000, 236.000000, 72256.000000, 227.000000, 78177.000000, 227.000000, 80746.000000, 226.000000, 80394.000000, 227.000000, 79863.000000, 206.000000, 79964.000000, 194.000000, 82149.000000, 192.000000, 78703.000000, 179.000000, 78346.000000, 169.000000, 77631.000000, 161.000000, 75518.000000, 177.000000, 77627.000000, 134.000000, 75776.000000, 136.000000, 73459.000000, 142.000000, 72478.000000, 131.000000, 70960.000000, 136.000000, 74848.000000, 118.000000, 74895.000000
