Title: liver  M  NHW,,,,,,,,,,,,,,,,,,,,,,,,,,,,
"Description:  Number of imputed cells: 80 ",,,,,,,,,,,,,,,,,,,,,,,,,,,,
Start Year: 1992,,,,,,,,,,,,,,,,,,,,,,,,,,,,
Start Age: 35,,,,,,,,,,,,,,,,,,,,,,,,,,,,
Interval (Years): 1,,,,,,,,,,,,,,,,,,,,,,,,,,,,
0.500000, 188945.000000, 1.000000, 187434.000000, 0.500000, 184911.000000, 0.500000, 185812.000000, 0.500000, 182712.000000, 0.500000, 182570.000000, 0.500000, 175361.000000, 3.000000, 170448.000000, 2.000000, 159925.000000, 2.000000, 144675.000000, 0.500000, 139313.000000, 0.500000, 137875.000000, 1.000000, 139373.000000, 2.000000, 148098.000000, 0.500000, 138111.000000, 1.000000, 126497.000000, 1.000000, 116153.000000, 0.500000, 115537.000000, 2.000000, 119769.000000, 0.500000, 115537.000000, 0.500000, 121062.000000, 1.000000, 123245.000000, 0.500000, 126153.000000, 0.500000, 134096.000000, 2.000000, 132714.000000, 4.000000, 135717.000000, 0.500000, 135305.000000, 0.500000, 134178.000000, 1.000000, 136231.000000
3.000000, 175488.000000, 0.500000, 181736.000000, 1.000000, 179331.000000, 0.500000, 176580.000000, 1.000000, 177081.000000, 0.500000, 174500.000000, 1.000000, 173885.000000, 1.000000, 166121.000000, 1.000000, 162402.000000, 1.000000, 158856.000000, 2.000000, 142870.000000, 0.500000, 137529.000000, 2.000000, 136302.000000, 0.500000, 137927.000000, 0.500000, 146877.000000, 0.500000, 136706.000000, 0.500000, 125372.000000, 2.000000, 115102.000000, 1.000000, 114475.000000, 1.000000, 119493.000000, 2.000000, 115565.000000, 0.500000, 120702.000000, 0.500000, 122690.000000, 0.500000, 125982.000000, 1.000000, 133810.000000, 1.000000, 132218.000000, 1.000000, 134643.000000, 0.500000, 134160.000000, 0.500000, 132769.000000
1.000000, 176633.000000, 0.500000, 175132.000000, 0.500000, 180536.000000, 1.000000, 177885.000000, 1.000000, 174831.000000, 0.500000, 175817.000000, 2.000000, 172861.000000, 1.000000, 171447.000000, 1.000000, 163937.000000, 1.000000, 161092.000000, 0.500000, 156544.000000, 1.000000, 141014.000000, 1.000000, 136054.000000, 1.000000, 135157.000000, 2.000000, 136746.000000, 2.000000, 145266.000000, 1.000000, 135569.000000, 0.500000, 124304.000000, 1.000000, 115065.000000, 1.000000, 114392.000000, 0.500000, 119756.000000, 2.000000, 115400.000000, 0.500000, 120398.000000, 1.000000, 122410.000000, 0.500000, 125656.000000, 0.500000, 133433.000000, 0.500000, 131511.000000, 3.000000, 133585.000000, 1.000000, 132977.000000
3.000000, 165590.000000, 3.000000, 168041.000000, 2.000000, 167040.000000, 3.000000, 173260.000000, 3.000000, 171599.000000, 1.000000, 170329.000000, 2.000000, 172128.000000, 0.500000, 169611.000000, 2.000000, 167749.000000, 0.500000, 162723.000000, 0.500000, 159402.000000, 2.000000, 154560.000000, 1.000000, 139746.000000, 2.000000, 134968.000000, 2.000000, 134467.000000, 1.000000, 135314.000000, 1.000000, 144442.000000, 1.000000, 134745.000000, 5.000000, 123667.000000, 2.000000, 115119.000000, 0.500000, 114578.000000, 4.000000, 119804.000000, 1.000000, 115433.000000, 1.000000, 120498.000000, 1.000000, 122471.000000, 0.500000, 125423.000000, 2.000000, 133056.000000, 1.000000, 130635.000000, 0.500000, 132601.000000
2.000000, 175562.000000, 0.500000, 177571.000000, 0.500000, 177819.000000, 2.000000, 175256.000000, 2.000000, 179798.000000, 0.500000, 177068.000000, 3.000000, 173951.000000, 1.000000, 173398.000000, 5.000000, 170763.000000, 2.000000, 165942.000000, 0.500000, 160838.000000, 1.000000, 157466.000000, 0.500000, 153353.000000, 3.000000, 138635.000000, 2.000000, 134348.000000, 5.000000, 133920.000000, 1.000000, 135124.000000, 3.000000, 144324.000000, 0.500000, 135632.000000, 1.000000, 123737.000000, 1.000000, 114923.000000, 2.000000, 114327.000000, 0.500000, 119423.000000, 0.500000, 115049.000000, 2.000000, 120240.000000, 3.000000, 122015.000000, 0.500000, 124932.000000, 2.000000, 132147.000000, 1.000000, 129592.000000
2.000000, 168852.000000, 2.000000, 170329.000000, 3.000000, 173172.000000, 1.000000, 175043.000000, 5.000000, 173894.000000, 1.000000, 180770.000000, 1.000000, 179670.000000, 3.000000, 177426.000000, 1.000000, 175630.000000, 1.000000, 169279.000000, 0.500000, 163788.000000, 2.000000, 158855.000000, 3.000000, 155877.000000, 3.000000, 151993.000000, 1.000000, 137634.000000, 1.000000, 133338.000000, 0.500000, 132930.000000, 2.000000, 134374.000000, 3.000000, 142018.000000, 0.500000, 135555.000000, 2.000000, 123721.000000, 1.000000, 114887.000000, 0.500000, 114184.000000, 1.000000, 119484.000000, 0.500000, 115014.000000, 1.000000, 119849.000000, 0.500000, 121447.000000, 1.000000, 124145.000000, 4.000000, 131164.000000
2.000000, 154775.000000, 2.000000, 161258.000000, 1.000000, 161673.000000, 0.500000, 164128.000000, 6.000000, 165400.000000, 0.500000, 164591.000000, 0.500000, 170593.000000, 2.000000, 168457.000000, 2.000000, 167576.000000, 0.500000, 174338.000000, 2.000000, 167622.000000, 1.000000, 162036.000000, 2.000000, 157496.000000, 4.000000, 154702.000000, 2.000000, 150855.000000, 2.000000, 136676.000000, 3.000000, 132708.000000, 5.000000, 132403.000000, 1.000000, 134362.000000, 1.000000, 141252.000000, 0.500000, 134904.000000, 1.000000, 122948.000000, 1.000000, 114091.000000, 1.000000, 113575.000000, 1.000000, 118706.000000, 2.000000, 114118.000000, 2.000000, 118553.000000, 2.000000, 120039.000000, 1.000000, 122717.000000
3.000000, 155697.000000, 2.000000, 154198.000000, 1.000000, 160391.000000, 2.000000, 161324.000000, 2.000000, 164200.000000, 1.000000, 166581.000000, 1.000000, 166178.000000, 1.000000, 172039.000000, 5.000000, 169698.000000, 2.000000, 165964.000000, 3.000000, 172225.000000, 5.000000, 165552.000000, 1.000000, 160180.000000, 2.000000, 155941.000000, 2.000000, 153319.000000, 1.000000, 149497.000000, 1.000000, 135542.000000, 0.500000, 131647.000000, 1.000000, 130832.000000, 1.000000, 134223.000000, 2.000000, 141189.000000, 0.500000, 134777.000000, 2.000000, 122788.000000, 1.000000, 113854.000000, 0.500000, 113322.000000, 0.500000, 118298.000000, 0.500000, 113598.000000, 0.500000, 117674.000000, 0.500000, 119223.000000
3.000000, 151229.000000, 7.000000, 152420.000000, 6.000000, 150536.000000, 5.000000, 156954.000000, 6.000000, 158185.000000, 1.000000, 161861.000000, 3.000000, 164447.000000, 3.000000, 163667.000000, 2.000000, 169069.000000, 4.000000, 168308.000000, 6.000000, 164269.000000, 3.000000, 170722.000000, 5.000000, 164403.000000, 6.000000, 159061.000000, 2.000000, 155381.000000, 2.000000, 152645.000000, 1.000000, 149188.000000, 2.000000, 135474.000000, 1.000000, 131873.000000, 0.500000, 130413.000000, 0.500000, 133826.000000, 0.500000, 140344.000000, 1.000000, 134127.000000, 1.000000, 122183.000000, 0.500000, 113352.000000, 4.000000, 112579.000000, 1.000000, 117307.000000, 2.000000, 112538.000000, 0.500000, 116718.000000
3.000000, 159974.000000, 3.000000, 156627.000000, 5.000000, 156439.000000, 2.000000, 153782.000000, 4.000000, 159513.000000, 4.000000, 160555.000000, 5.000000, 163426.000000, 6.000000, 164581.000000, 3.000000, 163345.000000, 4.000000, 167672.000000, 7.000000, 166415.000000, 5.000000, 162092.000000, 7.000000, 168318.000000, 1.000000, 162016.000000, 3.000000, 156854.000000, 2.000000, 153070.000000, 4.000000, 150370.000000, 4.000000, 146687.000000, 5.000000, 133916.000000, 2.000000, 131483.000000, 1.000000, 130189.000000, 4.000000, 133379.000000, 1.000000, 139696.000000, 1.000000, 133447.000000, 6.000000, 121464.000000, 0.500000, 112697.000000, 1.000000, 111680.000000, 1.000000, 116356.000000, 2.000000, 111398.000000
5.000000, 174135.000000, 3.000000, 155721.000000, 4.000000, 152980.000000, 6.000000, 153971.000000, 6.000000, 152557.000000, 4.000000, 160141.000000, 7.000000, 162471.000000, 8.000000, 166050.000000, 12.000000, 166576.000000, 8.000000, 161833.000000, 6.000000, 165547.000000, 5.000000, 164054.000000, 3.000000, 159733.000000, 5.000000, 165678.000000, 9.000000, 159605.000000, 4.000000, 154470.000000, 5.000000, 150569.000000, 4.000000, 147728.000000, 3.000000, 143824.000000, 3.000000, 133589.000000, 4.000000, 131248.000000, 2.000000, 129513.000000, 1.000000, 132776.000000, 1.000000, 139014.000000, 2.000000, 132751.000000, 2.000000, 120846.000000, 3.000000, 111997.000000, 2.000000, 110823.000000, 3.000000, 115384.000000
3.000000, 117126.000000, 4.000000, 167080.000000, 5.000000, 148795.000000, 3.000000, 146224.000000, 3.000000, 147338.000000, 10.000000, 146567.000000, 8.000000, 153932.000000, 7.000000, 155583.000000, 6.000000, 159772.000000, 8.000000, 165105.000000, 4.000000, 160505.000000, 7.000000, 164358.000000, 8.000000, 163318.000000, 13.000000, 159312.000000, 5.000000, 165884.000000, 6.000000, 159910.000000, 5.000000, 155083.000000, 5.000000, 151432.000000, 4.000000, 148842.000000, 9.000000, 143286.000000, 3.000000, 133268.000000, 1.000000, 130754.000000, 7.000000, 129116.000000, 3.000000, 132293.000000, 4.000000, 138538.000000, 3.000000, 131977.000000, 3.000000, 119917.000000, 3.000000, 111168.000000, 0.500000, 110001.000000
2.000000, 122536.000000, 1.000000, 116648.000000, 7.000000, 166159.000000, 6.000000, 148308.000000, 10.000000, 146280.000000, 4.000000, 148256.000000, 17.000000, 147904.000000, 11.000000, 155092.000000, 13.000000, 156636.000000, 11.000000, 158503.000000, 13.000000, 163614.000000, 9.000000, 159161.000000, 9.000000, 163161.000000, 9.000000, 162402.000000, 14.000000, 158793.000000, 13.000000, 165252.000000, 5.000000, 159541.000000, 7.000000, 154840.000000, 4.000000, 151078.000000, 11.000000, 148197.000000, 6.000000, 142626.000000, 7.000000, 132607.000000, 3.000000, 129935.000000, 5.000000, 128403.000000, 3.000000, 131482.000000, 2.000000, 137509.000000, 3.000000, 130743.000000, 4.000000, 118555.000000, 4.000000, 109901.000000
3.000000, 117983.000000, 5.000000, 117660.000000, 6.000000, 111960.000000, 7.000000, 160284.000000, 10.000000, 143771.000000, 2.000000, 142957.000000, 14.000000, 145522.000000, 16.000000, 145319.000000, 5.000000, 152126.000000, 15.000000, 155240.000000, 13.000000, 156766.000000, 10.000000, 161679.000000, 6.000000, 157393.000000, 7.000000, 161326.000000, 10.000000, 160795.000000, 13.000000, 157277.000000, 15.000000, 163565.000000, 15.000000, 157993.000000, 7.000000, 153497.000000, 6.000000, 150614.000000, 6.000000, 147887.000000, 8.000000, 141987.000000, 11.000000, 131989.000000, 9.000000, 129418.000000, 7.000000, 127725.000000, 6.000000, 130627.000000, 5.000000, 136455.000000, 5.000000, 129643.000000, 3.000000, 117499.000000
5.000000, 134257.000000, 2.000000, 124678.000000, 0.500000, 123065.000000, 3.000000, 116452.000000, 5.000000, 165776.000000, 9.000000, 148263.000000, 18.000000, 146524.000000, 14.000000, 147630.000000, 9.000000, 147308.000000, 18.000000, 150908.000000, 11.000000, 153926.000000, 15.000000, 155361.000000, 14.000000, 160294.000000, 20.000000, 156102.000000, 20.000000, 160366.000000, 17.000000, 159766.000000, 16.000000, 156542.000000, 13.000000, 162848.000000, 11.000000, 157572.000000, 12.000000, 152781.000000, 13.000000, 149855.000000, 10.000000, 146814.000000, 5.000000, 141136.000000, 3.000000, 131136.000000, 7.000000, 128630.000000, 7.000000, 126716.000000, 7.000000, 129517.000000, 3.000000, 135121.000000, 2.000000, 128232.000000
2.000000, 111557.000000, 6.000000, 130549.000000, 9.000000, 121740.000000, 4.000000, 121206.000000, 4.000000, 115677.000000, 9.000000, 166527.000000, 7.000000, 150193.000000, 10.000000, 149041.000000, 15.000000, 148442.000000, 12.000000, 145581.000000, 17.000000, 148931.000000, 21.000000, 151783.000000, 19.000000, 153157.000000, 15.000000, 158123.000000, 20.000000, 153787.000000, 21.000000, 158216.000000, 15.000000, 157410.000000, 17.000000, 154194.000000, 17.000000, 159666.000000, 22.000000, 156974.000000, 19.000000, 152131.000000, 5.000000, 148997.000000, 11.000000, 146015.000000, 8.000000, 140324.000000, 10.000000, 130171.000000, 9.000000, 127666.000000, 5.000000, 125575.000000, 5.000000, 128358.000000, 4.000000, 133798.000000
5.000000, 101666.000000, 8.000000, 106260.000000, 2.000000, 123959.000000, 8.000000, 115476.000000, 9.000000, 115059.000000, 8.000000, 110047.000000, 13.000000, 158708.000000, 8.000000, 142333.000000, 21.000000, 142253.000000, 17.000000, 147011.000000, 24.000000, 144298.000000, 24.000000, 147882.000000, 28.000000, 151183.000000, 24.000000, 152835.000000, 20.000000, 158330.000000, 11.000000, 154158.000000, 20.000000, 159049.000000, 23.000000, 158638.000000, 19.000000, 155552.000000, 20.000000, 158490.000000, 17.000000, 156040.000000, 21.000000, 150914.000000, 14.000000, 147842.000000, 9.000000, 144747.000000, 10.000000, 139118.000000, 6.000000, 128900.000000, 8.000000, 126288.000000, 4.000000, 124032.000000, 5.000000, 126671.000000
3.000000, 96702.000000, 7.000000, 100279.000000, 4.000000, 104836.000000, 5.000000, 122744.000000, 11.000000, 114745.000000, 9.000000, 114902.000000, 14.000000, 110443.000000, 19.000000, 159052.000000, 8.000000, 143331.000000, 14.000000, 140638.000000, 14.000000, 145062.000000, 26.000000, 142224.000000, 26.000000, 145723.000000, 22.000000, 148934.000000, 28.000000, 150645.000000, 28.000000, 155826.000000, 30.000000, 151828.000000, 30.000000, 156583.000000, 27.000000, 156354.000000, 21.000000, 154510.000000, 27.000000, 157653.000000, 20.000000, 155004.000000, 24.000000, 149781.000000, 21.000000, 146702.000000, 11.000000, 143634.000000, 6.000000, 137682.000000, 9.000000, 127529.000000, 6.000000, 125014.000000, 7.000000, 122335.000000
2.000000, 94969.000000, 2.000000, 95648.000000, 5.000000, 98788.000000, 3.000000, 103267.000000, 8.000000, 120912.000000, 5.000000, 113154.000000, 6.000000, 113510.000000, 8.000000, 108493.000000, 18.000000, 154496.000000, 13.000000, 141595.000000, 20.000000, 138985.000000, 20.000000, 143542.000000, 22.000000, 140882.000000, 34.000000, 144463.000000, 32.000000, 147962.000000, 30.000000, 149878.000000, 28.000000, 155291.000000, 32.000000, 151263.000000, 39.000000, 155950.000000, 27.000000, 155240.000000, 23.000000, 153535.000000, 22.000000, 156363.000000, 20.000000, 153672.000000, 24.000000, 148519.000000, 12.000000, 145498.000000, 24.000000, 142110.000000, 11.000000, 136358.000000, 12.000000, 125959.000000, 6.000000, 123359.000000
6.000000, 94898.000000, 4.000000, 96108.000000, 9.000000, 96928.000000, 6.000000, 100611.000000, 7.000000, 105748.000000, 8.000000, 124699.000000, 5.000000, 117405.000000, 9.000000, 117852.000000, 10.000000, 114397.000000, 18.000000, 152519.000000, 19.000000, 139730.000000, 26.000000, 137289.000000, 22.000000, 141931.000000, 22.000000, 139401.000000, 33.000000, 143385.000000, 29.000000, 147061.000000, 43.000000, 149322.000000, 38.000000, 154815.000000, 32.000000, 151092.000000, 40.000000, 154744.000000, 36.000000, 154078.000000, 43.000000, 152227.000000, 21.000000, 154912.000000, 26.000000, 152360.000000, 15.000000, 147156.000000, 24.000000, 144021.000000, 13.000000, 140629.000000, 9.000000, 134761.000000, 7.000000, 124362.000000
7.000000, 86508.000000, 5.000000, 90889.000000, 7.000000, 92083.000000, 11.000000, 93175.000000, 8.000000, 97034.000000, 8.000000, 102646.000000, 16.000000, 121504.000000, 7.000000, 114205.000000, 12.000000, 113361.000000, 9.000000, 112650.000000, 23.000000, 150020.000000, 23.000000, 137139.000000, 30.000000, 134631.000000, 23.000000, 139256.000000, 44.000000, 136820.000000, 49.000000, 140781.000000, 41.000000, 144448.000000, 39.000000, 146625.000000, 28.000000, 151778.000000, 48.000000, 150038.000000, 47.000000, 153713.000000, 35.000000, 152773.000000, 28.000000, 150832.000000, 30.000000, 153771.000000, 21.000000, 150906.000000, 30.000000, 145663.000000, 22.000000, 142486.000000, 16.000000, 139035.000000, 12.000000, 133038.000000
6.000000, 85970.000000, 4.000000, 86074.000000, 7.000000, 89781.000000, 7.000000, 90631.000000, 6.000000, 91360.000000, 9.000000, 95105.000000, 7.000000, 100111.000000, 15.000000, 117728.000000, 13.000000, 110920.000000, 14.000000, 111755.000000, 15.000000, 111114.000000, 22.000000, 148295.000000, 32.000000, 135610.000000, 32.000000, 133542.000000, 42.000000, 138600.000000, 51.000000, 136484.000000, 48.000000, 140756.000000, 51.000000, 144768.000000, 38.000000, 147012.000000, 38.000000, 150529.000000, 46.000000, 148578.000000, 49.000000, 152145.000000, 53.000000, 151077.000000, 36.000000, 149129.000000, 39.000000, 151915.000000, 26.000000, 149196.000000, 34.000000, 143863.000000, 25.000000, 140398.000000, 25.000000, 136801.000000
4.000000, 87583.000000, 11.000000, 84826.000000, 10.000000, 84768.000000, 5.000000, 88509.000000, 7.000000, 89370.000000, 15.000000, 90505.000000, 12.000000, 94116.000000, 12.000000, 98901.000000, 15.000000, 115276.000000, 10.000000, 109247.000000, 18.000000, 109998.000000, 17.000000, 109448.000000, 18.000000, 146268.000000, 24.000000, 133604.000000, 30.000000, 132067.000000, 42.000000, 137232.000000, 54.000000, 135187.000000, 45.000000, 139696.000000, 41.000000, 143236.000000, 47.000000, 145854.000000, 43.000000, 149134.000000, 47.000000, 147115.000000, 47.000000, 150410.000000, 34.000000, 149426.000000, 41.000000, 147444.000000, 31.000000, 150040.000000, 23.000000, 146945.000000, 23.000000, 141750.000000, 23.000000, 138064.000000
7.000000, 77996.000000, 8.000000, 82848.000000, 6.000000, 80528.000000, 6.000000, 81082.000000, 12.000000, 85189.000000, 11.000000, 86940.000000, 11.000000, 88488.000000, 5.000000, 92421.000000, 13.000000, 98505.000000, 10.000000, 113151.000000, 20.000000, 107015.000000, 18.000000, 107780.000000, 21.000000, 107414.000000, 21.000000, 143853.000000, 28.000000, 131210.000000, 29.000000, 130174.000000, 56.000000, 135390.000000, 40.000000, 133527.000000, 55.000000, 138093.000000, 60.000000, 141749.000000, 56.000000, 144527.000000, 63.000000, 147458.000000, 49.000000, 145462.000000, 50.000000, 148859.000000, 50.000000, 147783.000000, 43.000000, 145730.000000, 47.000000, 148106.000000, 31.000000, 144767.000000, 30.000000, 139662.000000
6.000000, 80708.000000, 5.000000, 80036.000000, 10.000000, 84187.000000, 2.000000, 81428.000000, 10.000000, 81407.000000, 8.000000, 85318.000000, 9.000000, 86416.000000, 13.000000, 87224.000000, 11.000000, 90051.000000, 17.000000, 96440.000000, 17.000000, 110978.000000, 18.000000, 104891.000000, 14.000000, 105696.000000, 19.000000, 105498.000000, 37.000000, 141636.000000, 37.000000, 129179.000000, 46.000000, 128428.000000, 60.000000, 133769.000000, 66.000000, 132527.000000, 58.000000, 136587.000000, 60.000000, 140345.000000, 66.000000, 142924.000000, 65.000000, 145636.000000, 60.000000, 143673.000000, 40.000000, 147072.000000, 49.000000, 145571.000000, 38.000000, 143623.000000, 37.000000, 145816.000000, 29.000000, 142363.000000
4.000000, 78684.000000, 9.000000, 76777.000000, 9.000000, 76533.000000, 12.000000, 81229.000000, 13.000000, 79127.000000, 11.000000, 80002.000000, 10.000000, 84496.000000, 16.000000, 85951.000000, 15.000000, 86489.000000, 16.000000, 88015.000000, 13.000000, 94330.000000, 12.000000, 108310.000000, 25.000000, 102202.000000, 18.000000, 102855.000000, 32.000000, 102842.000000, 43.000000, 138049.000000, 38.000000, 125920.000000, 47.000000, 125087.000000, 58.000000, 129634.000000, 58.000000, 130780.000000, 56.000000, 134997.000000, 63.000000, 138425.000000, 60.000000, 140999.000000, 56.000000, 143566.000000, 60.000000, 141488.000000, 39.000000, 144663.000000, 39.000000, 143071.000000, 39.000000, 141023.000000, 23.000000, 142867.000000
8.000000, 81397.000000, 8.000000, 76542.000000, 9.000000, 74221.000000, 8.000000, 73853.000000, 11.000000, 78213.000000, 21.000000, 76215.000000, 18.000000, 76816.000000, 14.000000, 80628.000000, 11.000000, 82013.000000, 14.000000, 84754.000000, 12.000000, 86497.000000, 19.000000, 92908.000000, 16.000000, 106964.000000, 11.000000, 101071.000000, 22.000000, 102415.000000, 20.000000, 102609.000000, 46.000000, 138614.000000, 54.000000, 126868.000000, 53.000000, 126140.000000, 63.000000, 127997.000000, 59.000000, 129030.000000, 58.000000, 133212.000000, 84.000000, 136358.000000, 80.000000, 138819.000000, 60.000000, 141351.000000, 54.000000, 139211.000000, 49.000000, 142108.000000, 38.000000, 140533.000000, 32.000000, 138298.000000
13.000000, 80693.000000, 10.000000, 78814.000000, 9.000000, 74045.000000, 13.000000, 72001.000000, 15.000000, 71981.000000, 18.000000, 76583.000000, 17.000000, 74805.000000, 12.000000, 75366.000000, 17.000000, 79117.000000, 12.000000, 80042.000000, 13.000000, 82686.000000, 10.000000, 84452.000000, 12.000000, 90892.000000, 24.000000, 104860.000000, 24.000000, 99022.000000, 20.000000, 100671.000000, 26.000000, 101003.000000, 38.000000, 136937.000000, 48.000000, 125722.000000, 40.000000, 124217.000000, 43.000000, 126054.000000, 56.000000, 126717.000000, 60.000000, 130847.000000, 70.000000, 133878.000000, 67.000000, 136182.000000, 71.000000, 138599.000000, 52.000000, 136214.000000, 47.000000, 138960.000000, 45.000000, 137198.000000
5.000000, 79504.000000, 4.000000, 79912.000000, 13.000000, 77654.000000, 14.000000, 72936.000000, 15.000000, 70898.000000, 13.000000, 70949.000000, 9.000000, 75398.000000, 10.000000, 73288.000000, 11.000000, 73448.000000, 17.000000, 76877.000000, 18.000000, 77763.000000, 29.000000, 80446.000000, 16.000000, 82046.000000, 23.000000, 88285.000000, 20.000000, 102060.000000, 18.000000, 96575.000000, 21.000000, 98197.000000, 29.000000, 98603.000000, 52.000000, 134051.000000, 44.000000, 123604.000000, 72.000000, 122313.000000, 63.000000, 124023.000000, 63.000000, 124470.000000, 56.000000, 128546.000000, 81.000000, 131346.000000, 43.000000, 133628.000000, 49.000000, 135769.000000, 64.000000, 133204.000000, 53.000000, 135914.000000
17.000000, 80677.000000, 17.000000, 77865.000000, 10.000000, 78026.000000, 11.000000, 75787.000000, 10.000000, 71230.000000, 13.000000, 69289.000000, 14.000000, 69328.000000, 10.000000, 73357.000000, 15.000000, 71128.000000, 14.000000, 71689.000000, 9.000000, 75175.000000, 13.000000, 76104.000000, 15.000000, 78878.000000, 22.000000, 80315.000000, 27.000000, 86925.000000, 34.000000, 100579.000000, 24.000000, 95107.000000, 22.000000, 97052.000000, 34.000000, 96814.000000, 38.000000, 131169.000000, 52.000000, 121024.000000, 64.000000, 119599.000000, 55.000000, 120789.000000, 62.000000, 121463.000000, 84.000000, 125257.000000, 65.000000, 127792.000000, 75.000000, 129962.000000, 59.000000, 131766.000000, 56.000000, 129056.000000
16.000000, 75851.000000, 23.000000, 77182.000000, 18.000000, 74677.000000, 11.000000, 75305.000000, 22.000000, 73400.000000, 11.000000, 69476.000000, 13.000000, 67388.000000, 19.000000, 66817.000000, 12.000000, 70884.000000, 15.000000, 69265.000000, 9.000000, 69965.000000, 10.000000, 73490.000000, 13.000000, 74150.000000, 19.000000, 77111.000000, 14.000000, 78580.000000, 20.000000, 85335.000000, 27.000000, 99158.000000, 26.000000, 93724.000000, 25.000000, 95309.000000, 35.000000, 95213.000000, 46.000000, 128859.000000, 37.000000, 118746.000000, 62.000000, 117427.000000, 61.000000, 118630.000000, 70.000000, 118966.000000, 69.000000, 122600.000000, 63.000000, 124896.000000, 48.000000, 126895.000000, 53.000000, 128398.000000
17.000000, 73882.000000, 11.000000, 74048.000000, 15.000000, 75897.000000, 8.000000, 73441.000000, 16.000000, 73872.000000, 12.000000, 71856.000000, 13.000000, 67788.000000, 14.000000, 66021.000000, 14.000000, 64848.000000, 16.000000, 68775.000000, 8.000000, 67331.000000, 18.000000, 68158.000000, 14.000000, 71581.000000, 12.000000, 72388.000000, 22.000000, 74975.000000, 17.000000, 76804.000000, 24.000000, 83678.000000, 24.000000, 97536.000000, 21.000000, 92433.000000, 20.000000, 93259.000000, 39.000000, 93099.000000, 51.000000, 125996.000000, 50.000000, 115983.000000, 60.000000, 114761.000000, 53.000000, 115855.000000, 54.000000, 116211.000000, 68.000000, 119527.000000, 50.000000, 121636.000000, 60.000000, 123172.000000
14.000000, 74558.000000, 16.000000, 71795.000000, 19.000000, 71382.000000, 19.000000, 73007.000000, 15.000000, 70910.000000, 15.000000, 71363.000000, 16.000000, 69932.000000, 14.000000, 66304.000000, 23.000000, 64442.000000, 11.000000, 63181.000000, 10.000000, 66935.000000, 9.000000, 65571.000000, 13.000000, 66200.000000, 16.000000, 69788.000000, 15.000000, 70429.000000, 18.000000, 73186.000000, 21.000000, 74878.000000, 35.000000, 81888.000000, 32.000000, 95070.000000, 26.000000, 90607.000000, 24.000000, 91467.000000, 30.000000, 91389.000000, 58.000000, 123338.000000, 66.000000, 113531.000000, 48.000000, 112413.000000, 60.000000, 113427.000000, 54.000000, 113632.000000, 66.000000, 116784.000000, 42.000000, 118581.000000
17.000000, 70215.000000, 14.000000, 70044.000000, 17.000000, 67276.000000, 17.000000, 67829.000000, 12.000000, 69972.000000, 25.000000, 67693.000000, 18.000000, 68536.000000, 11.000000, 67007.000000, 11.000000, 64413.000000, 15.000000, 62646.000000, 13.000000, 61513.000000, 11.000000, 65283.000000, 15.000000, 63867.000000, 26.000000, 64549.000000, 16.000000, 67918.000000, 22.000000, 68690.000000, 15.000000, 71576.000000, 31.000000, 73274.000000, 24.000000, 80370.000000, 29.000000, 92809.000000, 34.000000, 88563.000000, 47.000000, 89225.000000, 49.000000, 88909.000000, 56.000000, 119932.000000, 61.000000, 110417.000000, 54.000000, 109218.000000, 43.000000, 110157.000000, 65.000000, 110199.000000, 52.000000, 112891.000000
18.000000, 69857.000000, 21.000000, 70139.000000, 10.000000, 69469.000000, 15.000000, 67044.000000, 12.000000, 66848.000000, 16.000000, 68210.000000, 22.000000, 66250.000000, 11.000000, 66842.000000, 16.000000, 64617.000000, 16.000000, 62537.000000, 21.000000, 60920.000000, 19.000000, 59749.000000, 14.000000, 63603.000000, 19.000000, 62419.000000, 20.000000, 62950.000000, 14.000000, 66594.000000, 23.000000, 67357.000000, 22.000000, 70377.000000, 18.000000, 72257.000000, 24.000000, 78457.000000, 22.000000, 90557.000000, 32.000000, 86394.000000, 23.000000, 86991.000000, 39.000000, 86685.000000, 57.000000, 116771.000000, 51.000000, 107485.000000, 56.000000, 106236.000000, 60.000000, 107159.000000, 49.000000, 106944.000000
13.000000, 69637.000000, 23.000000, 65969.000000, 24.000000, 66148.000000, 19.000000, 65993.000000, 17.000000, 63398.000000, 24.000000, 63630.000000, 17.000000, 65694.000000, 21.000000, 63515.000000, 22.000000, 64184.000000, 12.000000, 62671.000000, 12.000000, 60514.000000, 16.000000, 58921.000000, 18.000000, 57672.000000, 15.000000, 61342.000000, 13.000000, 60111.000000, 23.000000, 60668.000000, 22.000000, 63944.000000, 11.000000, 64676.000000, 24.000000, 67533.000000, 22.000000, 70555.000000, 24.000000, 76549.000000, 34.000000, 88188.000000, 36.000000, 84133.000000, 30.000000, 84662.000000, 39.000000, 84414.000000, 45.000000, 113366.000000, 55.000000, 104484.000000, 51.000000, 103167.000000, 38.000000, 103752.000000
18.000000, 67770.000000, 21.000000, 67685.000000, 21.000000, 64207.000000, 25.000000, 64496.000000, 19.000000, 63993.000000, 17.000000, 61566.000000, 18.000000, 61294.000000, 18.000000, 63010.000000, 14.000000, 60873.000000, 19.000000, 62167.000000, 13.000000, 60881.000000, 16.000000, 58981.000000, 16.000000, 57444.000000, 16.000000, 56486.000000, 18.000000, 60021.000000, 22.000000, 59043.000000, 17.000000, 59811.000000, 28.000000, 63234.000000, 19.000000, 64076.000000, 32.000000, 65894.000000, 29.000000, 68830.000000, 34.000000, 74519.000000, 25.000000, 85943.000000, 37.000000, 81959.000000, 36.000000, 82482.000000, 28.000000, 82113.000000, 55.000000, 110109.000000, 57.000000, 101714.000000, 41.000000, 100169.000000
14.000000, 61356.000000, 15.000000, 65257.000000, 23.000000, 64618.000000, 22.000000, 61083.000000, 19.000000, 61231.000000, 29.000000, 60746.000000, 19.000000, 58110.000000, 15.000000, 58522.000000, 19.000000, 59832.000000, 19.000000, 58736.000000, 19.000000, 60034.000000, 16.000000, 58739.000000, 13.000000, 56926.000000, 20.000000, 55540.000000, 15.000000, 54555.000000, 14.000000, 58220.000000, 34.000000, 57186.000000, 25.000000, 58092.000000, 23.000000, 61408.000000, 27.000000, 62333.000000, 31.000000, 64277.000000, 16.000000, 67051.000000, 28.000000, 72521.000000, 34.000000, 83687.000000, 29.000000, 79744.000000, 39.000000, 80127.000000, 37.000000, 79755.000000, 58.000000, 107021.000000, 61.000000, 98597.000000
8.000000, 56751.000000, 22.000000, 58207.000000, 14.000000, 62112.000000, 16.000000, 62353.000000, 14.000000, 59550.000000, 14.000000, 59861.000000, 18.000000, 59575.000000, 20.000000, 58085.000000, 26.000000, 58458.000000, 18.000000, 57622.000000, 24.000000, 56566.000000, 15.000000, 57877.000000, 17.000000, 56694.000000, 16.000000, 55080.000000, 23.000000, 53689.000000, 26.000000, 52885.000000, 23.000000, 56566.000000, 26.000000, 55602.000000, 25.000000, 56460.000000, 14.000000, 59701.000000, 35.000000, 60619.000000, 24.000000, 62369.000000, 28.000000, 65137.000000, 38.000000, 70419.000000, 33.000000, 81233.000000, 46.000000, 77387.000000, 30.000000, 77861.000000, 36.000000, 77279.000000, 54.000000, 103274.000000
10.000000, 53326.000000, 17.000000, 54856.000000, 10.000000, 56091.000000, 14.000000, 60083.000000, 18.000000, 59973.000000, 17.000000, 56905.000000, 22.000000, 57340.000000, 23.000000, 57807.000000, 18.000000, 56121.000000, 15.000000, 56312.000000, 15.000000, 55410.000000, 9.000000, 54579.000000, 24.000000, 55835.000000, 24.000000, 54823.000000, 16.000000, 53074.000000, 20.000000, 51833.000000, 15.000000, 51146.000000, 21.000000, 54825.000000, 20.000000, 54097.000000, 29.000000, 54717.000000, 27.000000, 57862.000000, 27.000000, 58706.000000, 29.000000, 60436.000000, 28.000000, 62993.000000, 37.000000, 68209.000000, 29.000000, 78490.000000, 36.000000, 74693.000000, 39.000000, 75192.000000, 33.000000, 74389.000000
19.000000, 50852.000000, 19.000000, 51538.000000, 12.000000, 52771.000000, 18.000000, 54115.000000, 20.000000, 57696.000000, 14.000000, 57619.000000, 21.000000, 54945.000000, 24.000000, 55643.000000, 30.000000, 55661.000000, 17.000000, 53599.000000, 22.000000, 53715.000000, 17.000000, 52897.000000, 22.000000, 51906.000000, 17.000000, 53205.000000, 14.000000, 52048.000000, 22.000000, 50330.000000, 22.000000, 49187.000000, 19.000000, 48464.000000, 25.000000, 52123.000000, 24.000000, 52374.000000, 26.000000, 53014.000000, 27.000000, 56005.000000, 26.000000, 56867.000000, 31.000000, 58463.000000, 32.000000, 61016.000000, 27.000000, 65931.000000, 25.000000, 75838.000000, 40.000000, 72254.000000, 29.000000, 72515.000000
11.000000, 47316.000000, 10.000000, 48237.000000, 14.000000, 48814.000000, 12.000000, 50155.000000, 13.000000, 51314.000000, 18.000000, 54771.000000, 12.000000, 54653.000000, 16.000000, 52308.000000, 20.000000, 52998.000000, 11.000000, 53191.000000, 18.000000, 51338.000000, 20.000000, 51666.000000, 17.000000, 50755.000000, 21.000000, 50215.000000, 18.000000, 51497.000000, 26.000000, 50509.000000, 21.000000, 49010.000000, 20.000000, 48057.000000, 28.000000, 47249.000000, 27.000000, 50202.000000, 22.000000, 50436.000000, 34.000000, 51046.000000, 22.000000, 53883.000000, 33.000000, 54628.000000, 28.000000, 56157.000000, 27.000000, 58646.000000, 38.000000, 63317.000000, 25.000000, 72833.000000, 30.000000, 69322.000000
16.000000, 43682.000000, 17.000000, 44575.000000, 9.000000, 45321.000000, 21.000000, 46036.000000, 21.000000, 47207.000000, 16.000000, 48357.000000, 10.000000, 51664.000000, 25.000000, 51672.000000, 23.000000, 49922.000000, 10.000000, 50274.000000, 13.000000, 50631.000000, 24.000000, 48830.000000, 16.000000, 49169.000000, 21.000000, 48461.000000, 18.000000, 47931.000000, 18.000000, 49243.000000, 8.000000, 48473.000000, 16.000000, 47020.000000, 20.000000, 46311.000000, 16.000000, 45401.000000, 27.000000, 48191.000000, 17.000000, 48526.000000, 31.000000, 49005.000000, 22.000000, 51812.000000, 20.000000, 52512.000000, 23.000000, 54010.000000, 35.000000, 56392.000000, 33.000000, 60728.000000, 32.000000, 69609.000000
14.000000, 40770.000000, 18.000000, 42254.000000, 12.000000, 42770.000000, 11.000000, 43473.000000, 12.000000, 43877.000000, 16.000000, 44813.000000, 24.000000, 45741.000000, 15.000000, 48805.000000, 10.000000, 48441.000000, 15.000000, 47432.000000, 9.000000, 47750.000000, 19.000000, 48250.000000, 17.000000, 46346.000000, 20.000000, 46834.000000, 23.000000, 46111.000000, 11.000000, 45804.000000, 24.000000, 46943.000000, 18.000000, 46303.000000, 19.000000, 45049.000000, 16.000000, 44350.000000, 19.000000, 43517.000000, 23.000000, 46096.000000, 16.000000, 46636.000000, 15.000000, 46805.000000, 20.000000, 49644.000000, 37.000000, 50338.000000, 18.000000, 51725.000000, 24.000000, 53906.000000, 31.000000, 57848.000000
16.000000, 36595.000000, 11.000000, 37821.000000, 18.000000, 39093.000000, 13.000000, 39729.000000, 13.000000, 40286.000000, 16.000000, 40713.000000, 9.000000, 41591.000000, 13.000000, 42580.000000, 16.000000, 45345.000000, 12.000000, 45537.000000, 9.000000, 44820.000000, 18.000000, 45107.000000, 11.000000, 45628.000000, 17.000000, 44021.000000, 14.000000, 44321.000000, 17.000000, 43980.000000, 20.000000, 43661.000000, 7.000000, 44865.000000, 18.000000, 43955.000000, 26.000000, 42921.000000, 26.000000, 42360.000000, 17.000000, 41484.000000, 29.000000, 43928.000000, 18.000000, 44452.000000, 18.000000, 44607.000000, 21.000000, 47257.000000, 27.000000, 48057.000000, 15.000000, 49304.000000, 25.000000, 51139.000000
8.000000, 32097.000000, 10.000000, 33513.000000, 14.000000, 34701.000000, 12.000000, 36162.000000, 12.000000, 36950.000000, 11.000000, 37708.000000, 13.000000, 38524.000000, 10.000000, 39714.000000, 18.000000, 41055.000000, 9.000000, 42263.000000, 17.000000, 42446.000000, 15.000000, 41768.000000, 15.000000, 41930.000000, 14.000000, 42607.000000, 17.000000, 41028.000000, 11.000000, 41380.000000, 17.000000, 40917.000000, 21.000000, 40629.000000, 19.000000, 42058.000000, 17.000000, 41600.000000, 17.000000, 40682.000000, 22.000000, 40146.000000, 17.000000, 39321.000000, 16.000000, 41591.000000, 17.000000, 42192.000000, 21.000000, 42269.000000, 30.000000, 44808.000000, 23.000000, 45519.000000, 25.000000, 46611.000000
8.000000, 28041.000000, 7.000000, 29277.000000, 8.000000, 30519.000000, 7.000000, 31596.000000, 16.000000, 32832.000000, 9.000000, 33338.000000, 15.000000, 34079.000000, 14.000000, 34635.000000, 9.000000, 35024.000000, 16.000000, 38098.000000, 14.000000, 39292.000000, 15.000000, 39555.000000, 13.000000, 39121.000000, 11.000000, 39381.000000, 8.000000, 40061.000000, 16.000000, 38662.000000, 12.000000, 39066.000000, 9.000000, 38742.000000, 20.000000, 38389.000000, 19.000000, 39551.000000, 19.000000, 39049.000000, 20.000000, 38132.000000, 18.000000, 37761.000000, 8.000000, 36983.000000, 17.000000, 39028.000000, 24.000000, 39682.000000, 17.000000, 39736.000000, 14.000000, 42152.000000, 20.000000, 42523.000000
1.000000, 25025.000000, 8.000000, 25696.000000, 8.000000, 26965.000000, 9.000000, 28373.000000, 8.000000, 29465.000000, 8.000000, 30691.000000, 5.000000, 31453.000000, 16.000000, 32212.000000, 8.000000, 33085.000000, 10.000000, 32269.000000, 12.000000, 35250.000000, 10.000000, 36467.000000, 11.000000, 36634.000000, 15.000000, 36421.000000, 18.000000, 36480.000000, 16.000000, 37384.000000, 13.000000, 36077.000000, 20.000000, 36609.000000, 12.000000, 36474.000000, 23.000000, 36003.000000, 12.000000, 37070.000000, 15.000000, 36551.000000, 17.000000, 35730.000000, 17.000000, 35358.000000, 17.000000, 34644.000000, 15.000000, 36595.000000, 16.000000, 37204.000000, 14.000000, 37211.000000, 23.000000, 39234.000000
5.000000, 22234.000000, 17.000000, 22631.000000, 8.000000, 23150.000000, 4.000000, 24285.000000, 7.000000, 25457.000000, 7.000000, 26268.000000, 7.000000, 27374.000000, 13.000000, 27883.000000, 6.000000, 28456.000000, 7.000000, 30144.000000, 12.000000, 29346.000000, 11.000000, 32147.000000, 15.000000, 33242.000000, 16.000000, 33551.000000, 11.000000, 33406.000000, 11.000000, 33460.000000, 12.000000, 34361.000000, 13.000000, 33275.000000, 12.000000, 33604.000000, 20.000000, 33873.000000, 12.000000, 33366.000000, 14.000000, 34387.000000, 15.000000, 33984.000000, 12.000000, 33039.000000, 17.000000, 32835.000000, 25.000000, 32042.000000, 18.000000, 33968.000000, 11.000000, 34562.000000, 9.000000, 34364.000000
7.000000, 19072.000000, 8.000000, 19612.000000, 7.000000, 20055.000000, 5.000000, 20711.000000, 10.000000, 21812.000000, 7.000000, 22896.000000, 4.000000, 23876.000000, 10.000000, 24924.000000, 8.000000, 25348.000000, 8.000000, 25717.000000, 7.000000, 27191.000000, 6.000000, 26473.000000, 11.000000, 29038.000000, 12.000000, 30090.000000, 13.000000, 30392.000000, 9.000000, 30483.000000, 23.000000, 30345.000000, 11.000000, 31293.000000, 12.000000, 30475.000000, 13.000000, 30884.000000, 13.000000, 31258.000000, 16.000000, 30697.000000, 20.000000, 31750.000000, 23.000000, 31443.000000, 19.000000, 30361.000000, 15.000000, 30221.000000, 18.000000, 29577.000000, 19.000000, 31446.000000, 12.000000, 31869.000000
