Title: lung  F  NHW,,,,,,,,,,,,,,,,,,,,,,,,,,,,
"Description:  Number of imputed cells: 2 ",,,,,,,,,,,,,,,,,,,,,,,,,,,,
Start Year: 1992,,,,,,,,,,,,,,,,,,,,,,,,,,,,
Start Age: 35,,,,,,,,,,,,,,,,,,,,,,,,,,,,
Interval (Years): 1,,,,,,,,,,,,,,,,,,,,,,,,,,,,
3.000000, 180435.000000, 7.000000, 178746.000000, 7.000000, 176310.000000, 5.000000, 176501.000000, 8.000000, 173746.000000, 2.000000, 172862.000000, 3.000000, 166511.000000, 5.000000, 161296.000000, 1.000000, 152049.000000, 1.000000, 138337.000000, 5.000000, 133585.000000, 1.000000, 131343.000000, 2.000000, 133929.000000, 2.000000, 142016.000000, 1.000000, 132959.000000, 1.000000, 120932.000000, 0.500000, 113161.000000, 4.000000, 109943.000000, 1.000000, 114436.000000, 1.000000, 110911.000000, 2.000000, 115499.000000, 1.000000, 117031.000000, 2.000000, 119661.000000, 3.000000, 127183.000000, 1.000000, 126515.000000, 2.000000, 128325.000000, 3.000000, 127403.000000, 4.000000, 125867.000000, 3.000000, 128800.000000
3.000000, 170808.000000, 5.000000, 175976.000000, 12.000000, 173873.000000, 3.000000, 171420.000000, 6.000000, 171585.000000, 3.000000, 169459.000000, 5.000000, 168327.000000, 6.000000, 161498.000000, 4.000000, 156647.000000, 1.000000, 150726.000000, 6.000000, 136826.000000, 1.000000, 132135.000000, 3.000000, 129771.000000, 3.000000, 132524.000000, 1.000000, 140644.000000, 2.000000, 131529.000000, 3.000000, 119887.000000, 3.000000, 112394.000000, 2.000000, 109656.000000, 3.000000, 114436.000000, 1.000000, 110920.000000, 1.000000, 115233.000000, 5.000000, 116714.000000, 2.000000, 119443.000000, 3.000000, 126773.000000, 4.000000, 125780.000000, 1.000000, 127371.000000, 2.000000, 126416.000000, 3.000000, 124692.000000
3.000000, 171458.000000, 2.000000, 170458.000000, 6.000000, 174952.000000, 8.000000, 172636.000000, 9.000000, 169858.000000, 7.000000, 170466.000000, 7.000000, 167915.000000, 10.000000, 165855.000000, 3.000000, 159144.000000, 9.000000, 155491.000000, 8.000000, 149216.000000, 2.000000, 135244.000000, 6.000000, 130795.000000, 3.000000, 128733.000000, 5.000000, 131532.000000, 4.000000, 139379.000000, 4.000000, 130514.000000, 7.000000, 118938.000000, 4.000000, 111418.000000, 2.000000, 109606.000000, 1.000000, 114355.000000, 7.000000, 110675.000000, 1.000000, 114984.000000, 3.000000, 116641.000000, 5.000000, 119224.000000, 2.000000, 126066.000000, 0.500000, 125114.000000, 4.000000, 126472.000000, 1.000000, 125284.000000
9.000000, 161936.000000, 9.000000, 163823.000000, 6.000000, 163382.000000, 5.000000, 168583.000000, 11.000000, 167108.000000, 8.000000, 165875.000000, 13.000000, 167246.000000, 7.000000, 164933.000000, 7.000000, 162663.000000, 7.000000, 157921.000000, 5.000000, 153885.000000, 9.000000, 147814.000000, 9.000000, 134045.000000, 3.000000, 129892.000000, 5.000000, 127926.000000, 4.000000, 130502.000000, 4.000000, 138676.000000, 4.000000, 129890.000000, 2.000000, 118445.000000, 4.000000, 111334.000000, 1.000000, 109397.000000, 4.000000, 114134.000000, 1.000000, 110243.000000, 2.000000, 114572.000000, 3.000000, 116207.000000, 3.000000, 118596.000000, 2.000000, 125155.000000, 2.000000, 123842.000000, 4.000000, 125224.000000
18.000000, 170846.000000, 12.000000, 172884.000000, 8.000000, 172882.000000, 10.000000, 170905.000000, 15.000000, 174622.000000, 12.000000, 172195.000000, 5.000000, 169289.000000, 13.000000, 168328.000000, 8.000000, 165632.000000, 11.000000, 161282.000000, 8.000000, 156327.000000, 10.000000, 152299.000000, 3.000000, 146415.000000, 9.000000, 132736.000000, 8.000000, 128939.000000, 5.000000, 126821.000000, 9.000000, 129621.000000, 6.000000, 137677.000000, 4.000000, 129958.000000, 6.000000, 118294.000000, 2.000000, 111283.000000, 3.000000, 109254.000000, 5.000000, 113954.000000, 4.000000, 110017.000000, 2.000000, 114406.000000, 2.000000, 115832.000000, 3.000000, 118142.000000, 2.000000, 124358.000000, 6.000000, 123097.000000
10.000000, 165385.000000, 11.000000, 166685.000000, 9.000000, 169154.000000, 7.000000, 170105.000000, 9.000000, 169040.000000, 13.000000, 174363.000000, 8.000000, 172924.000000, 13.000000, 170245.000000, 14.000000, 168295.000000, 9.000000, 164068.000000, 3.000000, 159630.000000, 12.000000, 154659.000000, 10.000000, 150982.000000, 6.000000, 145259.000000, 13.000000, 131863.000000, 6.000000, 128082.000000, 5.000000, 126093.000000, 10.000000, 128988.000000, 8.000000, 135653.000000, 5.000000, 129786.000000, 3.000000, 118256.000000, 5.000000, 111042.000000, 6.000000, 108965.000000, 5.000000, 113698.000000, 3.000000, 109791.000000, 5.000000, 114156.000000, 3.000000, 115279.000000, 4.000000, 117446.000000, 3.000000, 123753.000000
17.000000, 154024.000000, 17.000000, 159556.000000, 15.000000, 159978.000000, 10.000000, 162075.000000, 10.000000, 162627.000000, 13.000000, 161874.000000, 17.000000, 166537.000000, 12.000000, 164061.000000, 13.000000, 162584.000000, 14.000000, 167403.000000, 23.000000, 163090.000000, 15.000000, 158798.000000, 7.000000, 154250.000000, 12.000000, 151130.000000, 8.000000, 145518.000000, 3.000000, 132352.000000, 4.000000, 128640.000000, 4.000000, 126917.000000, 6.000000, 130058.000000, 9.000000, 135153.000000, 5.000000, 129291.000000, 5.000000, 117800.000000, 5.000000, 110312.000000, 3.000000, 108366.000000, 9.000000, 113104.000000, 4.000000, 109021.000000, 4.000000, 113103.000000, 8.000000, 114274.000000, 2.000000, 116196.000000
18.000000, 154507.000000, 17.000000, 153538.000000, 16.000000, 158999.000000, 12.000000, 159780.000000, 16.000000, 162301.000000, 14.000000, 163801.000000, 19.000000, 163341.000000, 13.000000, 167715.000000, 18.000000, 165345.000000, 19.000000, 161249.000000, 27.000000, 165762.000000, 21.000000, 161478.000000, 20.000000, 157017.000000, 15.000000, 152613.000000, 12.000000, 149501.000000, 12.000000, 143916.000000, 6.000000, 130798.000000, 8.000000, 127389.000000, 7.000000, 125723.000000, 9.000000, 129782.000000, 7.000000, 135045.000000, 7.000000, 128936.000000, 12.000000, 117519.000000, 6.000000, 109973.000000, 7.000000, 107920.000000, 2.000000, 112589.000000, 9.000000, 108389.000000, 4.000000, 112295.000000, 4.000000, 113407.000000
32.000000, 150739.000000, 17.000000, 151336.000000, 20.000000, 150231.000000, 30.000000, 155868.000000, 21.000000, 156947.000000, 17.000000, 160338.000000, 19.000000, 162063.000000, 13.000000, 161269.000000, 25.000000, 165503.000000, 16.000000, 164276.000000, 27.000000, 160128.000000, 19.000000, 164715.000000, 19.000000, 160700.000000, 19.000000, 156580.000000, 13.000000, 152460.000000, 9.000000, 149330.000000, 18.000000, 143858.000000, 10.000000, 130849.000000, 11.000000, 127600.000000, 6.000000, 125606.000000, 10.000000, 129618.000000, 12.000000, 134647.000000, 8.000000, 128563.000000, 4.000000, 117061.000000, 8.000000, 109753.000000, 5.000000, 107427.000000, 7.000000, 111791.000000, 7.000000, 107543.000000, 3.000000, 111439.000000
27.000000, 157280.000000, 23.000000, 154024.000000, 19.000000, 153696.000000, 19.000000, 152102.000000, 25.000000, 157365.000000, 19.000000, 158655.000000, 20.000000, 161475.000000, 26.000000, 162100.000000, 26.000000, 161196.000000, 26.000000, 164252.000000, 24.000000, 162261.000000, 25.000000, 158347.000000, 26.000000, 162535.000000, 18.000000, 158619.000000, 18.000000, 154360.000000, 18.000000, 150233.000000, 15.000000, 147043.000000, 20.000000, 141454.000000, 7.000000, 129489.000000, 10.000000, 127380.000000, 24.000000, 125417.000000, 4.000000, 129080.000000, 14.000000, 134205.000000, 12.000000, 127957.000000, 1.000000, 116798.000000, 5.000000, 109339.000000, 8.000000, 106822.000000, 6.000000, 110977.000000, 5.000000, 106869.000000
37.000000, 171496.000000, 24.000000, 153676.000000, 32.000000, 150885.000000, 29.000000, 151345.000000, 21.000000, 150617.000000, 27.000000, 157356.000000, 25.000000, 159499.000000, 26.000000, 162655.000000, 32.000000, 162873.000000, 20.000000, 159697.000000, 27.000000, 162590.000000, 27.000000, 160440.000000, 24.000000, 156452.000000, 31.000000, 160557.000000, 21.000000, 156555.000000, 21.000000, 152383.000000, 16.000000, 148103.000000, 18.000000, 144862.000000, 24.000000, 139424.000000, 11.000000, 129134.000000, 18.000000, 127127.000000, 11.000000, 125115.000000, 17.000000, 128570.000000, 19.000000, 133536.000000, 15.000000, 127375.000000, 10.000000, 116054.000000, 13.000000, 108650.000000, 9.000000, 106099.000000, 5.000000, 110072.000000
26.000000, 117174.000000, 27.000000, 165179.000000, 28.000000, 147736.000000, 27.000000, 145444.000000, 33.000000, 146272.000000, 24.000000, 146538.000000, 26.000000, 153326.000000, 28.000000, 155199.000000, 20.000000, 159022.000000, 32.000000, 161799.000000, 29.000000, 158573.000000, 28.000000, 161724.000000, 33.000000, 159706.000000, 26.000000, 155883.000000, 28.000000, 160516.000000, 28.000000, 156454.000000, 35.000000, 152646.000000, 27.000000, 148531.000000, 22.000000, 145615.000000, 22.000000, 139109.000000, 11.000000, 128830.000000, 18.000000, 126722.000000, 18.000000, 124791.000000, 12.000000, 128264.000000, 12.000000, 133029.000000, 10.000000, 126959.000000, 11.000000, 115348.000000, 16.000000, 107880.000000, 2.000000, 105407.000000
46.000000, 122105.000000, 37.000000, 116814.000000, 40.000000, 164445.000000, 41.000000, 147300.000000, 30.000000, 145310.000000, 37.000000, 147120.000000, 38.000000, 147554.000000, 36.000000, 154062.000000, 26.000000, 155939.000000, 34.000000, 157772.000000, 34.000000, 160511.000000, 46.000000, 157664.000000, 43.000000, 160859.000000, 40.000000, 159103.000000, 45.000000, 155455.000000, 33.000000, 160278.000000, 39.000000, 156392.000000, 33.000000, 152747.000000, 25.000000, 148644.000000, 13.000000, 145115.000000, 26.000000, 138852.000000, 21.000000, 128493.000000, 17.000000, 126144.000000, 24.000000, 124294.000000, 17.000000, 127694.000000, 21.000000, 132215.000000, 17.000000, 126121.000000, 9.000000, 114477.000000, 10.000000, 106873.000000
48.000000, 117483.000000, 32.000000, 117085.000000, 34.000000, 112145.000000, 54.000000, 158754.000000, 48.000000, 142951.000000, 48.000000, 142388.000000, 32.000000, 144741.000000, 34.000000, 145353.000000, 37.000000, 151639.000000, 46.000000, 154682.000000, 53.000000, 156251.000000, 48.000000, 159112.000000, 47.000000, 156254.000000, 50.000000, 159371.000000, 45.000000, 158055.000000, 43.000000, 154380.000000, 30.000000, 159020.000000, 40.000000, 155248.000000, 36.000000, 151568.000000, 28.000000, 148222.000000, 20.000000, 144812.000000, 28.000000, 138292.000000, 19.000000, 127880.000000, 18.000000, 125707.000000, 26.000000, 123766.000000, 22.000000, 126930.000000, 24.000000, 131404.000000, 21.000000, 125301.000000, 18.000000, 113531.000000
48.000000, 132925.000000, 53.000000, 124244.000000, 62.000000, 122721.000000, 42.000000, 117055.000000, 60.000000, 164917.000000, 42.000000, 148425.000000, 44.000000, 147007.000000, 39.000000, 148179.000000, 43.000000, 148591.000000, 41.000000, 150384.000000, 42.000000, 153284.000000, 51.000000, 154928.000000, 53.000000, 158177.000000, 34.000000, 155262.000000, 45.000000, 158807.000000, 52.000000, 157558.000000, 52.000000, 154163.000000, 43.000000, 158781.000000, 34.000000, 155504.000000, 42.000000, 150675.000000, 36.000000, 147598.000000, 30.000000, 143946.000000, 25.000000, 137401.000000, 23.000000, 127071.000000, 27.000000, 124740.000000, 21.000000, 122566.000000, 26.000000, 125766.000000, 20.000000, 130054.000000, 22.000000, 123968.000000
42.000000, 111841.000000, 82.000000, 130357.000000, 49.000000, 122107.000000, 57.000000, 121430.000000, 48.000000, 116604.000000, 57.000000, 165893.000000, 49.000000, 150113.000000, 51.000000, 148877.000000, 53.000000, 148486.000000, 58.000000, 147129.000000, 41.000000, 148656.000000, 47.000000, 151531.000000, 35.000000, 153083.000000, 42.000000, 156107.000000, 59.000000, 153420.000000, 54.000000, 156953.000000, 68.000000, 155640.000000, 38.000000, 152286.000000, 51.000000, 156330.000000, 45.000000, 155044.000000, 43.000000, 150332.000000, 46.000000, 146941.000000, 33.000000, 143033.000000, 31.000000, 136519.000000, 30.000000, 126273.000000, 24.000000, 123963.000000, 31.000000, 121524.000000, 20.000000, 124669.000000, 20.000000, 128716.000000
62.000000, 101843.000000, 38.000000, 106621.000000, 58.000000, 124137.000000, 54.000000, 116455.000000, 53.000000, 116039.000000, 64.000000, 111889.000000, 75.000000, 159532.000000, 73.000000, 143720.000000, 53.000000, 143711.000000, 56.000000, 147160.000000, 62.000000, 145926.000000, 55.000000, 147709.000000, 50.000000, 150883.000000, 53.000000, 152674.000000, 68.000000, 156159.000000, 68.000000, 153800.000000, 56.000000, 157653.000000, 56.000000, 156490.000000, 51.000000, 153508.000000, 52.000000, 155848.000000, 48.000000, 154490.000000, 46.000000, 149739.000000, 44.000000, 146201.000000, 28.000000, 142369.000000, 38.000000, 135865.000000, 43.000000, 125467.000000, 33.000000, 123068.000000, 38.000000, 120428.000000, 29.000000, 123470.000000
57.000000, 97249.000000, 70.000000, 101243.000000, 70.000000, 106023.000000, 75.000000, 123877.000000, 77.000000, 116565.000000, 63.000000, 116768.000000, 75.000000, 112976.000000, 68.000000, 160790.000000, 59.000000, 145776.000000, 50.000000, 142294.000000, 68.000000, 145449.000000, 65.000000, 144112.000000, 67.000000, 145946.000000, 77.000000, 148804.000000, 50.000000, 151003.000000, 67.000000, 154332.000000, 97.000000, 151923.000000, 58.000000, 155874.000000, 70.000000, 155000.000000, 60.000000, 152751.000000, 66.000000, 155303.000000, 63.000000, 153512.000000, 48.000000, 148768.000000, 51.000000, 145123.000000, 53.000000, 141233.000000, 39.000000, 134822.000000, 42.000000, 124385.000000, 21.000000, 121838.000000, 28.000000, 119108.000000
78.000000, 96338.000000, 65.000000, 96923.000000, 54.000000, 100523.000000, 74.000000, 105223.000000, 83.000000, 122901.000000, 78.000000, 115852.000000, 68.000000, 116028.000000, 63.000000, 111567.000000, 80.000000, 157015.000000, 71.000000, 144103.000000, 69.000000, 140648.000000, 63.000000, 143816.000000, 69.000000, 142588.000000, 72.000000, 144465.000000, 61.000000, 147708.000000, 48.000000, 149890.000000, 60.000000, 153417.000000, 68.000000, 151084.000000, 70.000000, 155065.000000, 71.000000, 154598.000000, 66.000000, 152172.000000, 53.000000, 154393.000000, 87.000000, 152654.000000, 54.000000, 147925.000000, 58.000000, 144201.000000, 46.000000, 140136.000000, 45.000000, 133698.000000, 57.000000, 123332.000000, 32.000000, 120762.000000
81.000000, 95585.000000, 65.000000, 97021.000000, 73.000000, 97610.000000, 86.000000, 101537.000000, 71.000000, 106715.000000, 79.000000, 125420.000000, 88.000000, 118600.000000, 77.000000, 118644.000000, 69.000000, 115467.000000, 86.000000, 155363.000000, 95.000000, 142481.000000, 79.000000, 139359.000000, 64.000000, 143022.000000, 53.000000, 142104.000000, 67.000000, 144561.000000, 82.000000, 148082.000000, 76.000000, 150886.000000, 82.000000, 154509.000000, 65.000000, 151945.000000, 76.000000, 154178.000000, 73.000000, 153684.000000, 81.000000, 151212.000000, 92.000000, 153353.000000, 68.000000, 151684.000000, 59.000000, 146888.000000, 71.000000, 142956.000000, 61.000000, 138932.000000, 49.000000, 132483.000000, 43.000000, 121990.000000
97.000000, 88350.000000, 88.000000, 92759.000000, 79.000000, 94080.000000, 80.000000, 94851.000000, 76.000000, 98898.000000, 105.000000, 104518.000000, 93.000000, 123020.000000, 84.000000, 116068.000000, 74.000000, 114915.000000, 71.000000, 114109.000000, 111.000000, 153169.000000, 95.000000, 140186.000000, 83.000000, 137266.000000, 75.000000, 140730.000000, 95.000000, 139885.000000, 81.000000, 142374.000000, 77.000000, 145674.000000, 72.000000, 148441.000000, 83.000000, 152188.000000, 74.000000, 151093.000000, 94.000000, 153299.000000, 78.000000, 152606.000000, 70.000000, 150169.000000, 95.000000, 152237.000000, 86.000000, 150346.000000, 88.000000, 145481.000000, 67.000000, 141423.000000, 67.000000, 137342.000000, 61.000000, 130906.000000
77.000000, 88435.000000, 93.000000, 88392.000000, 99.000000, 92162.000000, 100.000000, 93069.000000, 74.000000, 93432.000000, 85.000000, 97403.000000, 118.000000, 102391.000000, 110.000000, 119736.000000, 108.000000, 113201.000000, 110.000000, 113349.000000, 95.000000, 112808.000000, 117.000000, 151710.000000, 79.000000, 138950.000000, 93.000000, 136353.000000, 99.000000, 140281.000000, 90.000000, 139645.000000, 84.000000, 142388.000000, 93.000000, 146158.000000, 85.000000, 148856.000000, 79.000000, 151431.000000, 76.000000, 150263.000000, 86.000000, 152331.000000, 110.000000, 151418.000000, 71.000000, 149005.000000, 82.000000, 150981.000000, 94.000000, 148842.000000, 79.000000, 143806.000000, 74.000000, 139702.000000, 63.000000, 135496.000000
112.000000, 89748.000000, 89.000000, 87273.000000, 98.000000, 86965.000000, 93.000000, 90736.000000, 105.000000, 91586.000000, 102.000000, 92283.000000, 103.000000, 96090.000000, 97.000000, 100749.000000, 110.000000, 116775.000000, 117.000000, 111663.000000, 106.000000, 111868.000000, 99.000000, 111243.000000, 114.000000, 149632.000000, 111.000000, 136798.000000, 90.000000, 134512.000000, 119.000000, 138414.000000, 70.000000, 137880.000000, 97.000000, 140645.000000, 71.000000, 144690.000000, 108.000000, 147840.000000, 83.000000, 150385.000000, 86.000000, 148891.000000, 101.000000, 150873.000000, 101.000000, 149802.000000, 122.000000, 147186.000000, 96.000000, 149035.000000, 98.000000, 146773.000000, 98.000000, 141616.000000, 81.000000, 137512.000000
104.000000, 79744.000000, 114.000000, 84623.000000, 105.000000, 82584.000000, 106.000000, 82883.000000, 80.000000, 87018.000000, 105.000000, 88715.000000, 100.000000, 89883.000000, 105.000000, 94002.000000, 137.000000, 100001.000000, 119.000000, 115167.000000, 123.000000, 110091.000000, 102.000000, 110458.000000, 95.000000, 109827.000000, 121.000000, 148018.000000, 93.000000, 135538.000000, 99.000000, 133624.000000, 90.000000, 137694.000000, 106.000000, 137548.000000, 91.000000, 140232.000000, 93.000000, 143655.000000, 125.000000, 146889.000000, 101.000000, 149282.000000, 113.000000, 147727.000000, 129.000000, 149569.000000, 111.000000, 148368.000000, 116.000000, 145747.000000, 107.000000, 147407.000000, 117.000000, 145145.000000, 93.000000, 139922.000000
126.000000, 82715.000000, 112.000000, 81765.000000, 110.000000, 86092.000000, 113.000000, 83623.000000, 134.000000, 83515.000000, 131.000000, 87564.000000, 101.000000, 88703.000000, 133.000000, 89238.000000, 127.000000, 92162.000000, 103.000000, 98442.000000, 145.000000, 113385.000000, 107.000000, 108208.000000, 115.000000, 108553.000000, 115.000000, 108019.000000, 125.000000, 145912.000000, 122.000000, 133286.000000, 126.000000, 131737.000000, 116.000000, 135991.000000, 98.000000, 136200.000000, 100.000000, 139030.000000, 113.000000, 142572.000000, 110.000000, 145539.000000, 111.000000, 147718.000000, 113.000000, 146125.000000, 142.000000, 147902.000000, 123.000000, 146450.000000, 125.000000, 143890.000000, 125.000000, 145337.000000, 98.000000, 142923.000000
121.000000, 84084.000000, 111.000000, 81467.000000, 137.000000, 80712.000000, 130.000000, 85394.000000, 112.000000, 83327.000000, 104.000000, 83876.000000, 138.000000, 88287.000000, 131.000000, 89647.000000, 136.000000, 89994.000000, 103.000000, 90596.000000, 133.000000, 96608.000000, 151.000000, 111312.000000, 126.000000, 106104.000000, 141.000000, 106477.000000, 130.000000, 105900.000000, 145.000000, 143148.000000, 119.000000, 130741.000000, 143.000000, 129245.000000, 92.000000, 132908.000000, 129.000000, 135003.000000, 115.000000, 138012.000000, 103.000000, 141191.000000, 119.000000, 143827.000000, 122.000000, 146232.000000, 125.000000, 144365.000000, 136.000000, 146155.000000, 119.000000, 144437.000000, 135.000000, 141880.000000, 127.000000, 143228.000000
155.000000, 85553.000000, 121.000000, 80454.000000, 130.000000, 77567.000000, 129.000000, 76834.000000, 113.000000, 81281.000000, 139.000000, 79379.000000, 123.000000, 79781.000000, 127.000000, 83653.000000, 145.000000, 84831.000000, 118.000000, 88559.000000, 142.000000, 89241.000000, 145.000000, 95334.000000, 145.000000, 110051.000000, 131.000000, 105017.000000, 128.000000, 106003.000000, 137.000000, 105632.000000, 157.000000, 143213.000000, 137.000000, 131039.000000, 103.000000, 130058.000000, 122.000000, 131664.000000, 130.000000, 133646.000000, 126.000000, 136417.000000, 147.000000, 139739.000000, 132.000000, 141978.000000, 136.000000, 144393.000000, 165.000000, 142293.000000, 129.000000, 143712.000000, 157.000000, 142066.000000, 105.000000, 139475.000000
162.000000, 85713.000000, 155.000000, 84628.000000, 147.000000, 79363.000000, 152.000000, 76621.000000, 127.000000, 76033.000000, 142.000000, 80598.000000, 140.000000, 78755.000000, 114.000000, 78985.000000, 124.000000, 82785.000000, 133.000000, 83382.000000, 139.000000, 86918.000000, 140.000000, 87861.000000, 116.000000, 93889.000000, 154.000000, 108452.000000, 140.000000, 103765.000000, 138.000000, 105067.000000, 131.000000, 104732.000000, 188.000000, 142632.000000, 162.000000, 130613.000000, 111.000000, 128947.000000, 147.000000, 130448.000000, 141.000000, 132395.000000, 124.000000, 134935.000000, 151.000000, 138416.000000, 133.000000, 140305.000000, 154.000000, 142566.000000, 132.000000, 140272.000000, 159.000000, 141671.000000, 155.000000, 140130.000000
159.000000, 86385.000000, 144.000000, 85412.000000, 159.000000, 84146.000000, 158.000000, 78988.000000, 156.000000, 76365.000000, 186.000000, 75929.000000, 154.000000, 80566.000000, 157.000000, 78475.000000, 149.000000, 78328.000000, 153.000000, 81202.000000, 131.000000, 81826.000000, 128.000000, 85223.000000, 167.000000, 85866.000000, 154.000000, 91782.000000, 176.000000, 106152.000000, 157.000000, 101429.000000, 149.000000, 102675.000000, 146.000000, 102431.000000, 157.000000, 139676.000000, 171.000000, 129163.000000, 137.000000, 127486.000000, 139.000000, 128895.000000, 150.000000, 130544.000000, 152.000000, 133090.000000, 171.000000, 136257.000000, 150.000000, 138220.000000, 172.000000, 140242.000000, 145.000000, 137844.000000, 146.000000, 138939.000000
168.000000, 90226.000000, 174.000000, 86210.000000, 174.000000, 84654.000000, 157.000000, 83202.000000, 152.000000, 77907.000000, 148.000000, 75154.000000, 147.000000, 74499.000000, 140.000000, 78509.000000, 152.000000, 75934.000000, 147.000000, 76927.000000, 177.000000, 79852.000000, 154.000000, 80483.000000, 142.000000, 83908.000000, 159.000000, 84611.000000, 154.000000, 90840.000000, 180.000000, 105313.000000, 169.000000, 100568.000000, 165.000000, 101874.000000, 154.000000, 101347.000000, 189.000000, 137502.000000, 165.000000, 127243.000000, 167.000000, 125267.000000, 146.000000, 126656.000000, 157.000000, 128125.000000, 174.000000, 130786.000000, 152.000000, 133349.000000, 161.000000, 135367.000000, 141.000000, 137083.000000, 136.000000, 134681.000000
213.000000, 88486.000000, 208.000000, 87557.000000, 180.000000, 83482.000000, 165.000000, 82427.000000, 175.000000, 81246.000000, 190.000000, 76389.000000, 173.000000, 73597.000000, 165.000000, 72409.000000, 165.000000, 76724.000000, 165.000000, 74570.000000, 145.000000, 75671.000000, 175.000000, 78660.000000, 146.000000, 79197.000000, 178.000000, 82821.000000, 160.000000, 83349.000000, 183.000000, 89870.000000, 201.000000, 104468.000000, 185.000000, 99844.000000, 162.000000, 100821.000000, 150.000000, 100131.000000, 185.000000, 135881.000000, 220.000000, 125529.000000, 177.000000, 123595.000000, 177.000000, 124961.000000, 160.000000, 126510.000000, 185.000000, 128937.000000, 203.000000, 131349.000000, 184.000000, 133200.000000, 187.000000, 134710.000000
198.000000, 87075.000000, 189.000000, 86055.000000, 184.000000, 86090.000000, 208.000000, 82447.000000, 190.000000, 81296.000000, 213.000000, 79919.000000, 165.000000, 75349.000000, 174.000000, 72938.000000, 157.000000, 71208.000000, 141.000000, 75303.000000, 148.000000, 73341.000000, 165.000000, 74414.000000, 166.000000, 77283.000000, 174.000000, 77924.000000, 166.000000, 81281.000000, 167.000000, 82080.000000, 186.000000, 88727.000000, 182.000000, 103413.000000, 184.000000, 98727.000000, 154.000000, 99374.000000, 188.000000, 98557.000000, 199.000000, 133742.000000, 209.000000, 123360.000000, 164.000000, 121253.000000, 175.000000, 122753.000000, 173.000000, 124095.000000, 195.000000, 126351.000000, 177.000000, 128674.000000, 176.000000, 130145.000000
206.000000, 89612.000000, 195.000000, 86051.000000, 173.000000, 84923.000000, 191.000000, 84219.000000, 201.000000, 80611.000000, 199.000000, 79551.000000, 206.000000, 78511.000000, 185.000000, 74292.000000, 169.000000, 71630.000000, 173.000000, 69973.000000, 181.000000, 73916.000000, 168.000000, 72119.000000, 158.000000, 72995.000000, 180.000000, 75732.000000, 157.000000, 76395.000000, 179.000000, 79835.000000, 185.000000, 80617.000000, 188.000000, 87337.000000, 170.000000, 101596.000000, 208.000000, 97573.000000, 180.000000, 98183.000000, 171.000000, 97218.000000, 222.000000, 131800.000000, 208.000000, 121641.000000, 181.000000, 119589.000000, 219.000000, 120978.000000, 172.000000, 122337.000000, 170.000000, 124413.000000, 177.000000, 126504.000000
224.000000, 86195.000000, 202.000000, 85673.000000, 226.000000, 81400.000000, 216.000000, 80533.000000, 213.000000, 80671.000000, 210.000000, 77171.000000, 189.000000, 76166.000000, 220.000000, 75173.000000, 171.000000, 72051.000000, 176.000000, 70295.000000, 184.000000, 68634.000000, 198.000000, 72498.000000, 148.000000, 70807.000000, 170.000000, 71842.000000, 184.000000, 74319.000000, 178.000000, 75118.000000, 181.000000, 78677.000000, 190.000000, 79506.000000, 207.000000, 86423.000000, 232.000000, 99989.000000, 194.000000, 96010.000000, 184.000000, 96549.000000, 182.000000, 95405.000000, 206.000000, 129317.000000, 213.000000, 119305.000000, 195.000000, 117203.000000, 208.000000, 118490.000000, 206.000000, 119857.000000, 156.000000, 121460.000000
230.000000, 86678.000000, 216.000000, 86651.000000, 248.000000, 85749.000000, 226.000000, 82145.000000, 240.000000, 81025.000000, 224.000000, 79973.000000, 209.000000, 76234.000000, 187.000000, 75112.000000, 197.000000, 73218.000000, 210.000000, 70747.000000, 190.000000, 69147.000000, 199.000000, 67438.000000, 194.000000, 71259.000000, 178.000000, 69760.000000, 179.000000, 70504.000000, 190.000000, 73105.000000, 203.000000, 73990.000000, 183.000000, 77735.000000, 171.000000, 78877.000000, 198.000000, 84994.000000, 226.000000, 98435.000000, 199.000000, 94551.000000, 182.000000, 94952.000000, 181.000000, 93745.000000, 230.000000, 126937.000000, 223.000000, 117100.000000, 200.000000, 114825.000000, 224.000000, 116305.000000, 190.000000, 117374.000000
233.000000, 87312.000000, 235.000000, 83606.000000, 251.000000, 84070.000000, 236.000000, 83684.000000, 256.000000, 79850.000000, 234.000000, 78941.000000, 247.000000, 79069.000000, 215.000000, 75944.000000, 204.000000, 75109.000000, 199.000000, 71578.000000, 201.000000, 69251.000000, 226.000000, 67723.000000, 187.000000, 65938.000000, 193.000000, 69681.000000, 202.000000, 68043.000000, 206.000000, 68883.000000, 191.000000, 71530.000000, 220.000000, 72360.000000, 182.000000, 75478.000000, 203.000000, 77557.000000, 215.000000, 83581.000000, 221.000000, 96766.000000, 248.000000, 92846.000000, 209.000000, 93282.000000, 202.000000, 92066.000000, 269.000000, 124298.000000, 247.000000, 114694.000000, 216.000000, 112501.000000, 163.000000, 113558.000000
254.000000, 83977.000000, 198.000000, 84235.000000, 212.000000, 80364.000000, 245.000000, 80349.000000, 251.000000, 79552.000000, 260.000000, 76031.000000, 251.000000, 74693.000000, 234.000000, 74790.000000, 227.000000, 71742.000000, 216.000000, 73667.000000, 194.000000, 70332.000000, 204.000000, 68198.000000, 212.000000, 66603.000000, 213.000000, 65184.000000, 198.000000, 68809.000000, 221.000000, 67498.000000, 177.000000, 68464.000000, 195.000000, 71220.000000, 203.000000, 72006.000000, 193.000000, 74241.000000, 195.000000, 76329.000000, 241.000000, 82171.000000, 234.000000, 95185.000000, 217.000000, 91138.000000, 211.000000, 91741.000000, 202.000000, 90355.000000, 244.000000, 122053.000000, 267.000000, 112568.000000, 205.000000, 110251.000000
255.000000, 78052.000000, 192.000000, 81954.000000, 226.000000, 81829.000000, 261.000000, 78123.000000, 251.000000, 78367.000000, 283.000000, 77569.000000, 249.000000, 73289.000000, 261.000000, 73327.000000, 211.000000, 73291.000000, 186.000000, 70141.000000, 225.000000, 72075.000000, 227.000000, 68669.000000, 220.000000, 66574.000000, 214.000000, 65127.000000, 214.000000, 63560.000000, 194.000000, 67253.000000, 186.000000, 65967.000000, 179.000000, 67041.000000, 186.000000, 69878.000000, 186.000000, 70703.000000, 192.000000, 72858.000000, 198.000000, 74987.000000, 227.000000, 80579.000000, 238.000000, 93277.000000, 203.000000, 89310.000000, 209.000000, 89757.000000, 198.000000, 88541.000000, 295.000000, 119174.000000, 217.000000, 109785.000000
209.000000, 75017.000000, 235.000000, 76056.000000, 261.000000, 79692.000000, 242.000000, 80264.000000, 259.000000, 77001.000000, 250.000000, 77190.000000, 242.000000, 76492.000000, 248.000000, 73755.000000, 234.000000, 73726.000000, 222.000000, 71700.000000, 257.000000, 68633.000000, 234.000000, 70529.000000, 193.000000, 67127.000000, 217.000000, 65205.000000, 200.000000, 63618.000000, 207.000000, 62264.000000, 198.000000, 65890.000000, 173.000000, 64673.000000, 203.000000, 65496.000000, 201.000000, 68535.000000, 184.000000, 69381.000000, 211.000000, 71389.000000, 196.000000, 73442.000000, 241.000000, 78890.000000, 226.000000, 91268.000000, 246.000000, 87469.000000, 231.000000, 87876.000000, 199.000000, 86443.000000, 229.000000, 116200.000000
198.000000, 72689.000000, 233.000000, 73730.000000, 237.000000, 74632.000000, 232.000000, 78877.000000, 235.000000, 79347.000000, 215.000000, 76042.000000, 232.000000, 76534.000000, 264.000000, 76628.000000, 224.000000, 73423.000000, 239.000000, 71771.000000, 213.000000, 69785.000000, 244.000000, 66874.000000, 195.000000, 68572.000000, 198.000000, 65283.000000, 229.000000, 63404.000000, 211.000000, 61979.000000, 206.000000, 60630.000000, 218.000000, 64178.000000, 181.000000, 63309.000000, 214.000000, 63962.000000, 195.000000, 67062.000000, 212.000000, 67715.000000, 218.000000, 69674.000000, 222.000000, 71726.000000, 231.000000, 76963.000000, 268.000000, 89102.000000, 248.000000, 85358.000000, 249.000000, 85669.000000, 209.000000, 84003.000000
211.000000, 69736.000000, 246.000000, 70900.000000, 222.000000, 71854.000000, 232.000000, 73204.000000, 228.000000, 77186.000000, 225.000000, 77697.000000, 254.000000, 74529.000000, 215.000000, 75301.000000, 246.000000, 75192.000000, 225.000000, 71400.000000, 247.000000, 69705.000000, 244.000000, 67707.000000, 211.000000, 64800.000000, 220.000000, 66553.000000, 208.000000, 63079.000000, 215.000000, 61296.000000, 216.000000, 59847.000000, 208.000000, 58588.000000, 212.000000, 62259.000000, 191.000000, 61892.000000, 211.000000, 62521.000000, 216.000000, 65518.000000, 195.000000, 66263.000000, 232.000000, 68064.000000, 230.000000, 70041.000000, 220.000000, 75228.000000, 234.000000, 86984.000000, 210.000000, 83148.000000, 219.000000, 83298.000000
194.000000, 66903.000000, 220.000000, 67356.000000, 212.000000, 68234.000000, 233.000000, 69398.000000, 230.000000, 70475.000000, 226.000000, 74243.000000, 201.000000, 74513.000000, 263.000000, 71737.000000, 216.000000, 72637.000000, 228.000000, 73083.000000, 221.000000, 69425.000000, 205.000000, 67849.000000, 257.000000, 66109.000000, 240.000000, 63396.000000, 244.000000, 65102.000000, 239.000000, 62003.000000, 215.000000, 60264.000000, 210.000000, 59065.000000, 222.000000, 57413.000000, 216.000000, 60628.000000, 217.000000, 60291.000000, 219.000000, 60837.000000, 243.000000, 63793.000000, 185.000000, 64401.000000, 195.000000, 66155.000000, 212.000000, 68062.000000, 207.000000, 73211.000000, 264.000000, 84509.000000, 186.000000, 80485.000000
185.000000, 64782.000000, 195.000000, 64833.000000, 202.000000, 65048.000000, 223.000000, 66130.000000, 199.000000, 67046.000000, 220.000000, 68004.000000, 262.000000, 71439.000000, 238.000000, 71928.000000, 244.000000, 69755.000000, 257.000000, 70121.000000, 221.000000, 70724.000000, 229.000000, 67240.000000, 243.000000, 65617.000000, 232.000000, 64049.000000, 221.000000, 61233.000000, 245.000000, 62987.000000, 232.000000, 60009.000000, 221.000000, 58316.000000, 207.000000, 57196.000000, 188.000000, 55889.000000, 210.000000, 58945.000000, 222.000000, 58700.000000, 176.000000, 59149.000000, 200.000000, 62073.000000, 214.000000, 62680.000000, 221.000000, 64330.000000, 194.000000, 66224.000000, 214.000000, 71175.000000, 216.000000, 81901.000000
171.000000, 62972.000000, 199.000000, 64150.000000, 172.000000, 63790.000000, 202.000000, 63954.000000, 211.000000, 64601.000000, 201.000000, 65185.000000, 206.000000, 65657.000000, 256.000000, 68985.000000, 216.000000, 68826.000000, 226.000000, 67215.000000, 216.000000, 67671.000000, 249.000000, 68387.000000, 233.000000, 64980.000000, 253.000000, 63453.000000, 229.000000, 61824.000000, 185.000000, 59444.000000, 191.000000, 61090.000000, 225.000000, 58372.000000, 198.000000, 56597.000000, 150.000000, 55397.000000, 183.000000, 54175.000000, 184.000000, 57149.000000, 197.000000, 56824.000000, 181.000000, 57193.000000, 175.000000, 59965.000000, 195.000000, 60614.000000, 200.000000, 62235.000000, 214.000000, 63902.000000, 187.000000, 68461.000000
157.000000, 59606.000000, 150.000000, 60305.000000, 173.000000, 61324.000000, 168.000000, 61317.000000, 194.000000, 61408.000000, 199.000000, 62155.000000, 187.000000, 62643.000000, 199.000000, 63462.000000, 194.000000, 66504.000000, 216.000000, 66104.000000, 200.000000, 64634.000000, 231.000000, 65086.000000, 211.000000, 65775.000000, 242.000000, 62269.000000, 233.000000, 60993.000000, 224.000000, 59386.000000, 235.000000, 57149.000000, 196.000000, 58844.000000, 183.000000, 56268.000000, 180.000000, 54714.000000, 191.000000, 53619.000000, 190.000000, 52387.000000, 200.000000, 55383.000000, 180.000000, 54976.000000, 190.000000, 55299.000000, 189.000000, 57980.000000, 198.000000, 58677.000000, 191.000000, 60233.000000, 188.000000, 61509.000000
132.000000, 53698.000000, 170.000000, 55836.000000, 134.000000, 56622.000000, 142.000000, 57860.000000, 177.000000, 58032.000000, 172.000000, 58262.000000, 198.000000, 59262.000000, 181.000000, 60419.000000, 208.000000, 62131.000000, 204.000000, 63506.000000, 211.000000, 63010.000000, 197.000000, 61704.000000, 221.000000, 61958.000000, 218.000000, 62800.000000, 197.000000, 59297.000000, 194.000000, 58137.000000, 189.000000, 56664.000000, 201.000000, 54545.000000, 231.000000, 56104.000000, 173.000000, 54254.000000, 165.000000, 52740.000000, 153.000000, 51701.000000, 171.000000, 50583.000000, 212.000000, 53366.000000, 177.000000, 53092.000000, 191.000000, 53366.000000, 166.000000, 55955.000000, 206.000000, 56575.000000, 154.000000, 57945.000000
126.000000, 50028.000000, 137.000000, 51057.000000, 125.000000, 52787.000000, 148.000000, 53337.000000, 188.000000, 54369.000000, 156.000000, 54164.000000, 157.000000, 54242.000000, 185.000000, 55226.000000, 179.000000, 55274.000000, 178.000000, 59086.000000, 174.000000, 60439.000000, 190.000000, 60129.000000, 186.000000, 58844.000000, 188.000000, 59195.000000, 218.000000, 60156.000000, 211.000000, 56929.000000, 194.000000, 55790.000000, 187.000000, 54525.000000, 177.000000, 52629.000000, 194.000000, 53679.000000, 195.000000, 51939.000000, 169.000000, 50483.000000, 140.000000, 49578.000000, 159.000000, 48438.000000, 191.000000, 51079.000000, 167.000000, 50690.000000, 169.000000, 51116.000000, 172.000000, 53456.000000, 149.000000, 53892.000000
109.000000, 46072.000000, 137.000000, 46924.000000, 151.000000, 47803.000000, 119.000000, 49508.000000, 155.000000, 50130.000000, 174.000000, 50966.000000, 174.000000, 50890.000000, 161.000000, 51225.000000, 142.000000, 52664.000000, 145.000000, 52375.000000, 171.000000, 56005.000000, 180.000000, 57377.000000, 175.000000, 56827.000000, 190.000000, 55784.000000, 200.000000, 56087.000000, 214.000000, 57143.000000, 179.000000, 54038.000000, 186.000000, 52971.000000, 171.000000, 51842.000000, 181.000000, 50014.000000, 199.000000, 51064.000000, 177.000000, 49436.000000, 158.000000, 48065.000000, 150.000000, 47248.000000, 143.000000, 46139.000000, 152.000000, 48485.000000, 136.000000, 48279.000000, 143.000000, 48637.000000, 133.000000, 50656.000000
99.000000, 43646.000000, 98.000000, 44193.000000, 98.000000, 44778.000000, 115.000000, 45518.000000, 137.000000, 47021.000000, 145.000000, 47340.000000, 126.000000, 48072.000000, 142.000000, 48095.000000, 129.000000, 47926.000000, 143.000000, 49740.000000, 165.000000, 49337.000000, 164.000000, 52956.000000, 172.000000, 54342.000000, 193.000000, 53668.000000, 181.000000, 52958.000000, 191.000000, 53197.000000, 179.000000, 54427.000000, 209.000000, 51463.000000, 206.000000, 50449.000000, 178.000000, 49190.000000, 166.000000, 47558.000000, 149.000000, 48511.000000, 167.000000, 47051.000000, 144.000000, 45642.000000, 139.000000, 44835.000000, 147.000000, 43808.000000, 130.000000, 46008.000000, 148.000000, 45843.000000, 137.000000, 45954.000000
92.000000, 39917.000000, 84.000000, 40474.000000, 103.000000, 40870.000000, 94.000000, 41429.000000, 116.000000, 42156.000000, 120.000000, 43384.000000, 137.000000, 43744.000000, 108.000000, 44576.000000, 128.000000, 44410.000000, 132.000000, 44446.000000, 130.000000, 46136.000000, 127.000000, 45783.000000, 146.000000, 49139.000000, 183.000000, 50656.000000, 157.000000, 50002.000000, 142.000000, 49380.000000, 168.000000, 49619.000000, 171.000000, 50856.000000, 152.000000, 48228.000000, 181.000000, 47462.000000, 155.000000, 46373.000000, 143.000000, 44821.000000, 160.000000, 45877.000000, 157.000000, 44333.000000, 155.000000, 43098.000000, 139.000000, 42257.000000, 118.000000, 41383.000000, 146.000000, 43402.000000, 116.000000, 43026.000000
